Facility Type,Name,Atoll,Island,Phone,Email
Guest House,Belmar Beach,Alifu Alifu,Bodufolhudhoo,7229919,info@belmarmaldives.com
Guest House,Bougan Villea Retreat,Alifu Alifu,Bodufolhudhoo,7698440,admin@bouganvillearetreat.com
Guest House,Cocos Beach House,Alifu Alifu,Bodufolhudhoo,7933989,alidhifau@gmail.com
Guest House,Lagoon View Maldives,Alifu Alifu,Bodufolhudhoo,7979019,admin@lagoonviewmaldives.com
Guest House,Asaa View,Alifu Alifu,Feridhoo,7795713,ahmedsaana637@gmail.com
Guest House,Ayira Maldives,Alifu Alifu,Feridhoo,7973868,info@ayiramaldives.com
Guest House,Blue Starfish Maldives,Alifu Alifu,Feridhoo,7705606,shi.shix.shizoo@gmail.com
Guest House,Escapism Maldives,Alifu Alifu,Feridhoo,7965253,shuhad.ali@live.com
Guest House,Feridhoo Beach Villa,Alifu Alifu,Feridhoo,7781388,info@feridhoobeachvilla.com
Guest House,Feridhoo Inn,Alifu Alifu,Feridhoo,"9902305
9970590",info@feridhooinn.com
Guest House,Haveyli Grande,Alifu Alifu,Feridhoo,7773723,haveyligrande@gmail.com
Guest House,Isola Alifu,Alifu Alifu,Feridhoo,7779186,info@isolaalifu.com
Guest House,Mamello Beach Club Maldives,Alifu Alifu,Feridhoo,7984443,shamhooz60045@gmail.com
Guest House,Seven Sea's Sea View,Alifu Alifu,Feridhoo,7920528,thohirahmed.trevo@gmail.com
Guest House,Sevinex Inn,Alifu Alifu,Feridhoo,7907906,info@sevinexinn.com
Guest House,Shifa Lodge,Alifu Alifu,Feridhoo,7344908,shuaib.naseer1964@gmail.com
Guest House,The Castaway Retreat,Alifu Alifu,Feridhoo,9848825,info@castawayretreat.mv
Guest House,The Dreamscape Villa,Alifu Alifu,Feridhoo,7711424,Info@thedreamscapevilla.com
Guest House,Villa Rosa,Alifu Alifu,Feridhoo,7489674,info@villarosemaldives.com
Home Stay,Ayvana Retreat,Alifu Alifu,Feridhoo,7947405,shinatey141@gmail.com
Guest House,Black Pearl Himandhoo,Alifu Alifu,Himandhoo,9815497,riph.ham@gmail.com
Guest House,Casa De Himandhoo,Alifu Alifu,Himandhoo,7798777,fathimath.khalid@gmail.com
Guest House,Kuri Himandhoo Inn,Alifu Alifu,Himandhoo,9993949,
Guest House,Manta Sea View,Alifu Alifu,Himandhoo,9105437,bookings@mantaseaview.com
Guest House,Nika Inn Himandhoo,Alifu Alifu,Himandhoo,9989626,athif4xip@gmail.com
Guest House,Origami Inn,Alifu Alifu,Himandhoo,9170822,mohamed75azeez@gmail.com
Guest House,White Sand Himandhoo,Alifu Alifu,Himandhoo,7910210,zainzoyaziyan@gmail.com
Guest House,Splendour Grand,Alifu Alifu,Maalhos,"9926605
7797527",ganmedhuinvestment@gmail.com
Guest House,Captal Island Villa,Alifu Alifu,Mathiveri,9982544,captalislandvilla@gmail.com
Guest House,Ever Blue Guest House,Alifu Alifu,Mathiveri,7749203,everblueguesthouse@gmail.com
Guest House,Lux Inn Mathiveri,Alifu Alifu,Mathiveri,7924992,nawaxam90@gmail.com
Guest House,Mahchavaru Maldives,Alifu Alifu,Mathiveri,7782556,fowzan.maldives@gmail.com
Guest House,Mathiveri Thundi Inn,Alifu Alifu,Mathiveri,7784597,ranfaruhassan@gmail.com
Guest House,Serenity Reef Maldives,Alifu Alifu,Mathiveri,7630229,dispatullp@gmail.com
Guest House,Sis Tourist Villa,Alifu Alifu,Mathiveri,9300303,mail@sistouristvilla.com
Guest House,Sunset Beach Stay,Alifu Alifu,Mathiveri,7544080,mathiverisunset@gmail.com
Guest House,Vacanza Mathiveri,Alifu Alifu,Mathiveri,9900809,vacanza.mathiveri@gmail.com
Guest House,Velana Vibes,Alifu Alifu,Mathiveri,9922141,velanavibes@gmail.com
Guest House,Velana View,Alifu Alifu,Mathiveri,9922141,velanaview@gmail.com
Guest House,Water Cloud,Alifu Alifu,Mathiveri,9444415,info@water-cloud.co
Home Stay,Aquatic Mathiveri,Alifu Alifu,Mathiveri,9172173,mariyam.malsa.mohamed10@gmail.com
Guest House,Acqua Blu Rasdhoo,Alifu Alifu,Rasdhoo,9528528,acquablurasdhoo@gmail.com
Guest House,Arena Blanca,Alifu Alifu,Rasdhoo,7100008,arenablancarasdhoo@gmail.com
Guest House,Brickwood Ganduvaru,Alifu Alifu,Rasdhoo,7998512,shaafiu1991@gmail.com
Guest House,Brickwood Rasdhoo,Alifu Alifu,Rasdhoo,9158805,sales@ganduvaru.com
Guest House,Dhaankolhu Rasdhoo,Alifu Alifu,Rasdhoo,9181110,info@dhaankolhu.com
Guest House,Fins Dive and Leisure Inn,Alifu Alifu,Rasdhoo,7943731,nizar.keyodhoo@gmail.com
Guest House,Jerrys Dive Lodge,Alifu Alifu,Rasdhoo,7727876,jerry.diving@gmail.com
Guest House,Madivaru Kro,Alifu Alifu,Rasdhoo,7778219,info@madivarukro.com
Guest House,Quicksand Rasdhoo,Alifu Alifu,Rasdhoo,9778005,quicksandrasdhoo@gmail.com
Guest House,Ras Atoll Inn,Alifu Alifu,Rasdhoo,7943566,ahmedrasheed797979@gmail.com
Guest House,Ras Grand,Alifu Alifu,Rasdhoo,7773286,ibrahimamanik@gmail.com
Guest House,Ras Rana Lodge,Alifu Alifu,Rasdhoo,9786852,amujah@gmail.com
Guest House,Rasdhoo Coralville,Alifu Alifu,Rasdhoo,7961606,rasdhoocoralville@gmail.com
Guest House,Rasdhoo Island Inn,Alifu Alifu,Rasdhoo,9862014,info@rasdhooislandinn.com
Guest House,Rasdhoo Island Inn Beach Front,Alifu Alifu,Rasdhoo,9862014,info@rasdhooislandinn.com
Guest House,Rasdhoo Stay,Alifu Alifu,Rasdhoo,7721370,info@rasdhoostay.com
Guest House,Rasdu View Inn,Alifu Alifu,Rasdhoo,9949269,rasduviewinn@gmail.com
Guest House,Shallow Lagoon Rasdhoo,Alifu Alifu,Rasdhoo,7822680,mustho_2302@live.com
Guest House,Summer Vibes Beach Front,Alifu Alifu,Rasdhoo,9522626,faxun70@gmail.com
Guest House,The Palm Ray,Alifu Alifu,Rasdhoo,9673339,hello@thepalmray.com
Guest House,Unimaa Cottage,Alifu Alifu,Rasdhoo,9801516,ameelia@gmail.com
Home Stay,Rasdhoo Madi,Alifu Alifu,Rasdhoo,7739777,rasdhoo.madi@gmail.com
Home Stay,Rashuthere Maldives,Alifu Alifu,Rasdhoo,9119017,hussainsimau@gmail.com
Guest House,Aashaan View,Alifu Alifu,Thoddoo,9690280,mohamed.rauhan@outlook.com
Guest House,Ahola Thoddoo,Alifu Alifu,Thoddoo,7798066,sales@aholathoddoo.com
Guest House,Ale Sara Guest Maldive Thoddu,Alifu Alifu,Thoddoo,9506015,hawwaanuher@gmail.com
Guest House,Amazing View,Alifu Alifu,Thoddoo,9153344,view.thoddoo@gmail.com
Guest House,Ambra Maldives,Alifu Alifu,Thoddoo,9932002,fabrishiya@gmail.com
Guest House,Aqua Blu Thoddoo,Alifu Alifu,Thoddoo,7902029,bluescape.mv@gmail.com
Guest House,Aqua Oasis,Alifu Alifu,Thoddoo,7634165,arcipha@gmail.com
Guest House,Ari Stay Thoddoo,Alifu Alifu,Thoddoo,7915514,asif07574@gmail.com
Guest House,Athiriveli,Alifu Alifu,Thoddoo,9831683,"bisaprivatelimited@gmail.com
info@athirige.com"
Guest House,Avi Guesthouse,Alifu Alifu,Thoddoo,7778798,sarfaraz@coralliumtours.com
Guest House,Babushkha Hospitality,Alifu Alifu,Thoddoo,7777733,suntunaholidays@gmail.com
Guest House,Belena,Alifu Alifu,Thoddoo,7797771,info@belenamaldives.com
Guest House,Belvedere Thoddoo,Alifu Alifu,Thoddoo,9190901,belvederethoddoo@gmail.com
Guest House,Blue Coral Thoddoo,Alifu Alifu,Thoddoo,9854016,hassanshimaax@gmail.com
Guest House,Blue Water Thoddoo Inn,Alifu Alifu,Thoddoo,9695682,res.bluewater@gmail.com
Guest House,Boli Villa,Alifu Alifu,Thoddoo,9968060,bolivillathoddoo@gmail.com
Guest House,Brisa Fresca,Alifu Alifu,Thoddoo,9194733,brisafresca.thoddoo@gmail.com
Guest House,Chillax Thoddoo,Alifu Alifu,Thoddoo,9969979,chillaxthoddoo@gmail.com
Guest House,Coco Villa,Alifu Alifu,Thoddoo,7787904,info@coco-villa.com
Guest House,Dacha Thoddoo White Sand,Alifu Alifu,Thoddoo,7782862,dachamaldives@gmail.com
Guest House,Dhonkamana Stay,Alifu Alifu,Thoddoo,7888382,dhonkamanastay@gmail.com
Guest House,Evilaa Inn Thoddoo,Alifu Alifu,Thoddoo,9793777,evilainnthoddoo@gmail.com
Guest House,Fairytale Inn,Alifu Alifu,Thoddoo,7339225,fairytaleinn@gmail.com
Guest House,Hakuna,Alifu Alifu,Thoddoo,9394455,sales@hakunamaldives.com
Guest House,Heavenly Residence,Alifu Alifu,Thoddoo,9772949,reservation.heavenly@gmail.com
Guest House,Holiday Cottage,Alifu Alifu,Thoddoo,9790184,info@holidaycottage.com.mv
Guest House,Hudhufas Villa,Alifu Alifu,Thoddoo,"7783823
9996557",hudhufasvilla@gmail.com
Guest House,Island Vista Thoddoo,Alifu Alifu,Thoddoo,9787648,islandvistathoddoo@gmail.com
Guest House,Jenyva Inn,Alifu Alifu,Thoddoo,9573886,thoddoosunriseinn@gmail.com
Guest House,Jeym Lodge,Alifu Alifu,Thoddoo,9160614,jeymlodge@gmail.com
Guest House,Karaa Village,Alifu Alifu,Thoddoo,9674895,karaavillage@gmail.com
Guest House,Lagoon Villa Thoddoo,Alifu Alifu,Thoddoo,9922227,hello@lagoonvillathoddoo.com
Guest House,Manta Stay,Alifu Alifu,Thoddoo,9944432,info@mantastaythoddoo.com
Guest House,New Breeze Thoddoo Inn,Alifu Alifu,Thoddoo,9996681,newbreezthoddhoo@hotmail.com
Guest House,Noovilu Residence Thoddoo,Alifu Alifu,Thoddoo,7955950,thoddoo@gmail.com
Guest House,Oak Thoddoo,Alifu Alifu,Thoddoo,9936283,jinnejinaah@gmail.com
Guest House,Ocean Vida,Alifu Alifu,Thoddoo,9654448,alirishan9964448@gmail.com
Guest House,Palma de Maldives,Alifu Alifu,Thoddoo,9505295,burakcakir@hotmail.fr
Guest House,Paradise Palms,Alifu Alifu,Thoddoo,7625864,adamfayaz.mv@gmail.com
Guest House,Ramzu Villa,Alifu Alifu,Thoddoo,9774552,azmathkhaleel@gmail.com
Guest House,Reef Shine Thoddoo,Alifu Alifu,Thoddoo,7887941,jafffjammm@gmail.com
Guest House,Relax Lodge,Alifu Alifu,Thoddoo,9668820,relaxlodge1759@gmail.com
Guest House,Relax Villa,Alifu Alifu,Thoddoo,9725000,aishatinaza@gmail.com
Guest House,Rihiveli Residence Thoddoo,Alifu Alifu,Thoddoo,9572544,reservations.rihiveliresidence@gmail.com
Guest House,Riyaludhathuru,Alifu Alifu,Thoddoo,7844658,riyaludhathuru@gmail.com
Guest House,Sands Garden,Alifu Alifu,Thoddoo,7772159,res@sandshotelmaldives.com
Guest House,Serene Sea View,Alifu Alifu,Thoddoo,7782680,karam5757@gmail.com
Guest House,Shams Thoddoo,Alifu Alifu,Thoddoo,7979011,stay@shamsthoddoo.com
Guest House,Shoreline Grand,Alifu Alifu,Thoddoo,9637345,hello@shorelinegrand.com
Guest House,Sosun View Private Villa,Alifu Alifu,Thoddoo,9999226,sosunviewprivatevilla@gmail.com
Guest House,Summer Inn Thoddoo,Alifu Alifu,Thoddoo,9699993,summerinnthoddoo@gmail.com
Guest House,Summer Sky Thoddoo,Alifu Alifu,Thoddoo,7996653,summerskythoddoo@gmail.com
Guest House,Sunny Pavilion,Alifu Alifu,Thoddoo,7779853,ibrahim@sunnysuitesinn.com
Guest House,Sunnyside Inn Thoddoo,Alifu Alifu,Thoddoo,9923282,sunnysideinnthoddoo@gmail.com
Guest House,The Palms Thoddoo,Alifu Alifu,Thoddoo,7459473,thepalms.thoddoo@gmail.com
Guest House,Thila Farm View,Alifu Alifu,Thoddoo,9933296,info@thilafarmview.com
Guest House,Thila Palms Thoddoo,Alifu Alifu,Thoddoo,9933296,saifsaitte@gmail.com
Guest House,Thila Skyview,Alifu Alifu,Thoddoo,7785324,saif.saitte@gmail.com
Guest House,Thoddoo Beach Holiday,Alifu Alifu,Thoddoo,9724025 / 9994918,beachholidayinn@gmail.com
Guest House,Thoddoo Cozy Stay,Alifu Alifu,Thoddoo,9149393,aliinash1112@gmail.com
Guest House,Thoddoo Dive Villa,Alifu Alifu,Thoddoo,9763007,nooraaneecom@gmail.com
Guest House,Thoddoo Garden Inn,Alifu Alifu,Thoddoo,9199940,adammoosa9199940@gmail.com
Guest House,Thoddoo Haisha Inn,Alifu Alifu,Thoddoo,7407768,janbeyadam@gmail.com
Guest House,Thoddoo Inn,Alifu Alifu,Thoddoo,7947040,reservations.thoddooinn@gmail.com
Guest House,Thoddoo Island Holiday,Alifu Alifu,Thoddoo,9994918,beach.holidayinn@gmail.com
Guest House,Thoddoo7startropics,Alifu Alifu,Thoddoo,9538783,7startropics.mv@gmail.com
Guest House,Tropica Thoddoo Inn,Alifu Alifu,Thoddoo,9183508,zaffanahmed8204@gmail.com
Guest House,Tropicana Villas,Alifu Alifu,Thoddoo,9999355,ismail.isaam@gmail.com
Guest House,Vegas Thoddoo Maldives,Alifu Alifu,Thoddoo,9793440,ako@ihavandhoo.com
Guest House,Veli Garden Thoddoo,Alifu Alifu,Thoddoo,9930120,veligardenthoddoo@gmail.com
Guest House,White Rock Thoddoo,Alifu Alifu,Thoddoo,9192340,whiterockthoddoo@gmail.com
Home Stay,Naseema Hiya,Alifu Alifu,Thoddoo,"7330387
9960880",razeema7@gmail.com
Guest House,Aria Beach,Alifu Alifu,Ukulhas,9988668,ariabeachukulhas@gmail.com
Guest House,Arista Villa,Alifu Alifu,Ukulhas,7783171,abdulla.fathuma@gmail.com
Guest House,Beach Veli,Alifu Alifu,Ukulhas,"7776458
9685446",info@beachveli.com
Guest House,Casa Paradiso,Alifu Alifu,Ukulhas,7429998,reservations@casaparadisoukulhas.com
Guest House,Coral Queen Villa Ukulhas,Alifu Alifu,Ukulhas,7773805,coralqueenvilla@gmail.com
Guest House,Ganduvaru Villa,Alifu Alifu,Ukulhas,7778248,info@ganduvaruhotels.com
Guest House,Holiday Haven Ukulhas,Alifu Alifu,Ukulhas,7776765,info@holidayhavenukulhas.com
Guest House,La Palma Suites,Alifu Alifu,Ukulhas,7744008,info@lapalmavillahotel.com
Guest House,Nala Veli Beach Villa,Alifu Alifu,Ukulhas,9120088,info@nalaveli-villa.com
Guest House,Nala Veli Villa,Alifu Alifu,Ukulhas,7772440,info@nalaveli-villa.com
Guest House,Ostrov,Alifu Alifu,Ukulhas,9989899,ostrovmaldives@gmail.com
Guest House,Paguro Beach Inn,Alifu Alifu,Ukulhas,7777221,info@paguromaldives.com
Guest House,Paguro Villa,Alifu Alifu,Ukulhas,7777221,paguromaldives@gmail.com
Guest House,Sealavie Inn,Alifu Alifu,Ukulhas,7779439,info@sealavieinn.com
Guest House,Sunway Ukulhas,Alifu Alifu,Ukulhas,7716804,sunwayukulhas@gmail.com
Guest House,Trip Villa,Alifu Alifu,Ukulhas,7787864,tripvillaukulhas@gmail.com
Guest House,Tropico Villa,Alifu Alifu,Ukulhas,9113001,Info@tropicovilla.com
Guest House,Ukulhas Beach Villa,Alifu Alifu,Ukulhas,7774225,eclipsemaldives@gmail.com
Guest House,Ukulhas Sands,Alifu Alifu,Ukulhas,7770306,ukulhassands@gmail.com
Guest House,Villa Crescenta,Alifu Alifu,Ukulhas,9964600,villacrescenta@gmail.com
Guest House,West Sands Ukulhas,Alifu Alifu,Ukulhas,9651515,info@westsandsukulhas.com
Home Stay,Coco Ukulhas Villa,Alifu Alifu,Ukulhas,9668506,mohamedn685@gmail.com
Home Stay,Maafolhey Han'dhaan,Alifu Alifu,Ukulhas,7737302,adhunasir7373@gmail.com
Home Stay,Pearls Apartments,Alifu Alifu,Ukulhas,7903727 / 7953326,info@pearlsapeartments.com
Home Stay,Villa Boheme Maldives,Alifu Alifu,Ukulhas,9662299,Yakkoyasir@gmail.com
Guest House,Antares Dhangethi,Alifu Dhaalu,Dhangethi,"7773128
9459191",antaresdhangethi@gmail.com
Guest House,Aqua Luna Dhangethi,Alifu Dhaalu,Dhangethi,9986505,maanu4as@gmail.com
Guest House,Ari Grand,Alifu Dhaalu,Dhangethi,9952524,arali.pvt@outlook.com
Guest House,Atoll Residence Dhangethi,Alifu Dhaalu,Dhangethi,7917711,info@atollresidence.com
Guest House,Banyan Villa,Alifu Dhaalu,Dhangethi,"3339669
7770256",info@banyanvillamaldives.com
Guest House,Dhangethi Retreat,Alifu Dhaalu,Dhangethi,7622711,nadeyz@live.com
Guest House,Handhu Runba Inn,Alifu Dhaalu,Dhangethi,7789556,themehotels24@gmail.com
Guest House,Handhuveli Dhangethi,Alifu Dhaalu,Dhangethi,7773842,abdhamydh@gmail.com
Guest House,Havaa Inn Dhangethi,Alifu Dhaalu,Dhangethi,7998815,havainndhangethi@gmail.com
Guest House,Manta Dhangethi,Alifu Dhaalu,Dhangethi,7953434 / 7434561,"naaifx4910@gmail.com, aminathnathasha56@gmail.com"
Guest House,Night Star Dhangethi,Alifu Dhaalu,Dhangethi,9165655,nightstardhangethi@gmail.com
Guest House,Ocean Sunset,Alifu Dhaalu,Dhangethi,7708078,molio7708078@gmail.com
Guest House,Paradise Found,Alifu Dhaalu,Dhangethi,9999912,bestpricehardware@live.com
Guest House,Perla Dhangethi,Alifu Dhaalu,Dhangethi,7944229,info@perladhangethi.com
Guest House,Raalhu Dhangethi,Alifu Dhaalu,Dhangethi,7443777,rewavemaldives@outlook.com
Guest House,Royal Village,Alifu Dhaalu,Dhangethi,7917800,haleem3102@gmail.com
Guest House,Sky View,Alifu Dhaalu,Dhangethi,7913746,Vilasaboutique2021@gmail.com
Guest House,Thilavaru Inn,Alifu Dhaalu,Dhangethi,9555535,fayyax00@outlook.com
Guest House,Alma Maldiva Guesthouse,Alifu Dhaalu,Dhidhdhoo,9115225,info@indicosecret.com
Guest House,Coconut Palm Dhidhoo,Alifu Dhaalu,Dhidhdhoo,7726278,rilley-2011@hotmail.com
Guest House,Dhontakuru Guest House,Alifu Dhaalu,Dhidhdhoo,7688132,haaaa198383@gmail.com: dhonthakuruge@gmail.com
Guest House,Dive and Sleep Retreat,Alifu Dhaalu,Dhidhdhoo,7757088,Info@diveandsleep.com
Guest House,Waterside Maldives,Alifu Dhaalu,Dhidhdhoo,7774003,stay@watersidemaldives.com
Guest House,Holiday Crib,Alifu Dhaalu,Dhiffushi,7756789,yourholidaycrib@gmail.com
Guest House,Holiday Home Dhiffushi,Alifu Dhaalu,Dhiffushi,9933315,holidayhomedhiffushi@gmail.com
Guest House,Island Serenity,Alifu Dhaalu,Dhiffushi,7987552,fathy-22@hotmail.com
Guest House,Maldivine Stay,Alifu Dhaalu,Dhiffushi,7913075,maldivinestay@gmail.com
Guest House,Moro Dhiffushi Maldives,Alifu Dhaalu,Dhiffushi,7874096,moromaldives@gmail.com
Guest House,Navaya Dhiffushi,Alifu Dhaalu,Dhiffushi,7770465,hello@navayadhiffushi.com
Guest House,Ruka Maldives,Alifu Dhaalu,Dhiffushi,7994988,rukamaldives@gmail.com
Guest House,Akiri Dhigurah,Alifu Dhaalu,Dhigurah,9400098,akiridhigurah@gmail.com
Guest House,Athiri Beach,Alifu Dhaalu,Dhigurah,9993510,ali@athiri-beach.com
Guest House,Azul Retreat,Alifu Dhaalu,Dhigurah,7773479,mamdhoon@gmail.com
Guest House,BB Island House,Alifu Dhaalu,Dhigurah,9739663,bookings@boutiquebeach.club
Guest House,Beach Hot Dhigurah,Alifu Dhaalu,Dhigurah,7732900,samee@atollkey.com
Guest House,Beach Lily Dhigurah,Alifu Dhaalu,Dhigurah,9999906,noesiss.mv@outlook.com
Guest House,Bliss Dhigurah,Alifu Dhaalu,Dhigurah,"7970123
7201234",info@bliss.mv
Guest House,Boutique Beach Guest House,Alifu Dhaalu,Dhigurah,9739663,bookings@boutiquebeach.club
Guest House,Dhigurah Beach Inn,Alifu Dhaalu,Dhigurah,7606933,dhigurahbeachinn@gmail.com
Guest House,Dhigurah Cottage ZamaaneeUfa,Alifu Dhaalu,Dhigurah,9398801,dhigurahcottage@gmail.com
Guest House,Dhigurah Dhonveli Boutique,Alifu Dhaalu,Dhigurah,7800644,dhigurahdhonveli@gmail.com
Guest House,Dhiguveli,Alifu Dhaalu,Dhigurah,7406000 / 7653732,welcome@dhiguveli.com
Guest House,Dhiguveli Breeze,Alifu Dhaalu,Dhigurah,7994346,info@macrosix.com
Guest House,Dhonfalhu Dhigurah,Alifu Dhaalu,Dhigurah,9400062,dhonfalhudhigurah@gmail.com
Guest House,Finolhu Dhigurah,Alifu Dhaalu,Dhigurah,9867636,Finolhudhigurah@gmail.com
Guest House,Haven Dhigurah,Alifu Dhaalu,Dhigurah,7988694,info@empress.mv
Guest House,Horizon Dhigurah,Alifu Dhaalu,Dhigurah,9443233,ahupalhey@gmail.com
Guest House,Infinity Beach Dhigurah,Alifu Dhaalu,Dhigurah,9885528,infinitydhigurah@gmail.com
Guest House,Ithaa Dhigurah,Alifu Dhaalu,Dhigurah,9498880,ithaadhigurah@gmail.com
Guest House,Loft Maldives,Alifu Dhaalu,Dhigurah,9826222,maldivesloft@gmail.com
Guest House,Lofts by Bliss,Alifu Dhaalu,Dhigurah,7201234,info@bliss.mv
Guest House,Lonuhiri,Alifu Dhaalu,Dhigurah,7992701,info@lonuhiri.com
Guest House,Muraka Dhigurah,Alifu Dhaalu,Dhigurah,7884410,stay@murakadhigurah.com
Guest House,Naares Inn Dhigurah,Alifu Dhaalu,Dhigurah,9123320,admin@naaresinn.com
Guest House,Nikabliss,Alifu Dhaalu,Dhigurah,9103200,info@nika-bliss.com
Guest House,Oasis Dhigurah,Alifu Dhaalu,Dhigurah,9980155,oasisdhigurah@gmail.com
Guest House,Pearl Dhigurah,Alifu Dhaalu,Dhigurah,"9799866 
9867158",pearldhigurah@gmail.com
Guest House,Raakani Dhigurah,Alifu Dhaalu,Dhigurah,7477222,raakanidhigurah@gmail.com
Guest House,Ranveli Dhigurah,Alifu Dhaalu,Dhigurah,9881707,usamathgasim@gmail.com
Guest House,Sands Grand,Alifu Dhaalu,Dhigurah,7772159,yazeed@maldives-inc.com
Guest House,Seascape Retreats Dhigurah,Alifu Dhaalu,Dhigurah,9662023,hello@seascapedhigurah.com
Guest House,Seaside Dhigurah,Alifu Dhaalu,Dhigurah,7824741,stay@seasidedhigurah.com
Guest House,Serene Dhigurah,Alifu Dhaalu,Dhigurah,9490215,serenedhigurah@gmail.com
Guest House,Sun Beach Dhigurah,Alifu Dhaalu,Dhigurah,7745277,info@sunbeachdhigurah.com
Guest House,Sunny Stay Dhigurah,Alifu Dhaalu,Dhigurah,9702783,hudhaa003@gmail.com
Guest House,Sunrise by White Sand Dhigurah,Alifu Dhaalu,Dhigurah,7931474,reehan@whitesanddhigurah.com
Guest House,Sunwave Dhigurah,Alifu Dhaalu,Dhigurah,9192916,sunwavedhigurah@gmail.com
Guest House,The Wave Dhigurah,Alifu Dhaalu,Dhigurah,7443777,mohamednashidhassan@gmail.com
Guest House,Tides Dhigurah,Alifu Dhaalu,Dhigurah,7745277,siyam031405@gmail.com
Guest House,TME Retreats Dhigurah,Alifu Dhaalu,Dhigurah,7949169,reservations@tme.mv
Guest House,"TME Retreats Dhigurah, Noovilu",Alifu Dhaalu,Dhigurah,6680890,reservation@tme.mv
Guest House,Unwind Dhigurah,Alifu Dhaalu,Dhigurah,7988694,unwind.dhigurah@gmail.com
Guest House,Whale Shark Beach,Alifu Dhaalu,Dhigurah,7909994,shaheed@pneumatic.mv
Guest House,White Sand Dhigurah Guesthouse,Alifu Dhaalu,Dhigurah,7931474,stay@whitesanddhigurah.com
Home Stay,Boli Dhigurah,Alifu Dhaalu,Dhigurah,7945848,bolidhigurah@gmail.com
Home Stay,Lagoon Dhigurah,Alifu Dhaalu,Dhigurah,7993153,lagoondhigurah@gmail.com
Home Stay,TME Retreats Dhigurah Beach House,Alifu Dhaalu,Dhigurah,6680890,fayaz@tme.mv
Guest House,Fushi Beach,Alifu Dhaalu,Fenfushi,7722222,fushibeach@gmail.com
Guest House,Ocean Stay,Alifu Dhaalu,Fenfushi,9741444,coralpointmv@gmail.com
Guest House,Whale Shark Boutique,Alifu Dhaalu,Fenfushi,7905165,hatthu@gmail.com
Guest House,Whale Shark Villa,Alifu Dhaalu,Fenfushi,7905165,hatthu@gmail.com
Guest House,White Tern Maldives,Alifu Dhaalu,Fenfushi,9498300,reservations@whiteternmaldives.com
Guest House,Ari Paradise,Alifu Dhaalu,Hangnaameedhoo,"9553929
7973929",iqbal9553929@gmail.com
Guest House,Asia Inn,Alifu Dhaalu,Hangnaameedhoo,"7415310
9996632",info@asiainn.com
Guest House,Beach Star Maldives,Alifu Dhaalu,Hangnaameedhoo,7638936,beachstarmaldives@gmail.com
Guest House,Beach Vita Maldives,Alifu Dhaalu,Hangnaameedhoo,7638936,beachvitamaldives@gmail.com
Guest House,By The Shade,Alifu Dhaalu,Hangnaameedhoo,7454443,bytheshademv@gmail.com
Guest House,Detour Beach View,Alifu Dhaalu,Hangnaameedhoo,9993530,info@detourmaldives.com
Guest House,Island Grand Maldives,Alifu Dhaalu,Hangnaameedhoo,9728781,islandgrandmaldives@gmail.com
Guest House,Island Pavilion Adh. Hangnaameedhoo,Alifu Dhaalu,Hangnaameedhoo,7788041,info@island-pavilion.com
Guest House,Local Travel Beach Maldives,Alifu Dhaalu,Hangnaameedhoo,9571801,info.localtravel@gmail.com
Guest House,Ocean Beach Inn - Maldives,Alifu Dhaalu,Hangnaameedhoo,9710193,book@oceanbeachmv.com
Guest House,Ocean Lilly Inn,Alifu Dhaalu,Hangnaameedhoo,7914643,oceanlillyinn@gmail.com
Guest House,Solo Beach,Alifu Dhaalu,Hangnaameedhoo,7998695,solobeach2024@gmail.com
Guest House,Sunset View Inn,Alifu Dhaalu,Hangnaameedhoo,9158572,sunsetviewinn2021@gmail.com
Guest House,Tropical Escape Inn,Alifu Dhaalu,Hangnaameedhoo,9994319,tropicalescapeinn@gmail.com
Guest House,VIVA Beach and Spa Maldives,Alifu Dhaalu,Hangnaameedhoo,7796938,vivabeachmaldives@gmail.com
Home Stay,Hikifas Beach Maldives,Alifu Dhaalu,Hangnaameedhoo,9932981,m.aslam81@hotmail.com
Guest House,Suvaasa Inn,Alifu Dhaalu,Kunburudhoo,7884333,suvaasainn@gmail.com
Guest House,Ari Residence,Alifu Dhaalu,Maamigili,3333300 / 3344777,info@villa.com.mv
Guest House,Hiyalee Inn,Alifu Dhaalu,Maamigili,7759680,hiyaleeinn@gmail.com
Guest House,Maaniya Palace,Alifu Dhaalu,Maamigili,3333300 / 3344777,info@villa.com.mv
Guest House,Oren,Alifu Dhaalu,Maamigili,7952234,oren.maldives@gmail.com
Guest House,Ranfaru Inn,Alifu Dhaalu,Maamigili,7771060,hirigazahir@gmail.com
Guest House,Shamar Guest House,Alifu Dhaalu,Maamigili,7933404,shamar.dive@gmail.com
Guest House,Tranquil by La Cabana Mamigili,Alifu Dhaalu,Maamigili,9720115,mohamed11322@gmail.com
Guest House,Vilu Residence @ Maamigili,Alifu Dhaalu,Maamigili,7770974,viluresidence@gmail.com
Guest House,White Sand Inn,Alifu Dhaalu,Maamigili,7908821,umarzahir1779@gmail.com
Guest House,Wish Maamigili,Alifu Dhaalu,Maamigili,9777234,"info@wishmaamigili.com
wishmaamigili@gmail.com"
Guest House,Dhamana Beach,Alifu Dhaalu,Mahibadhoo,7329228,dhamanabeach@gmail.com
Guest House,Goby Lodge,Alifu Dhaalu,Mahibadhoo,"9787073
7787073",goby777@gmail.com
Guest House,Karanka Villas,Alifu Dhaalu,Mahibadhoo,7772125,kvillasmaldives@gmail.com
Guest House,Noovilu Suites,Alifu Dhaalu,Mahibadhoo,9119938,noovilusuites@gmail.com
Guest House,Oceanvine,Alifu Dhaalu,Mahibadhoo,7916775,info@oceanvinemaldives.com
Guest House,Raalhu Fonu Maldives,Alifu Dhaalu,Mahibadhoo,9942372,raalhufonu@gmail.com
Guest House,Vilu Thari Inn Maldives,Alifu Dhaalu,Mahibadhoo,7715383,viluthari-maldives@gmail.com
Guest House,Infinite Lagoon Guest House,Alifu Dhaalu,Mandhoo,7839239,infinitelagoon@gmail.com
Hotel,Fiyavalhu Maldives,Alifu Dhaalu,Mandhoo,6680066,"info@fiyavalhumaldives.com

Website: https://fiyavalhumaldives.com/"
Guest House,Ahi Maldives,Alifu Dhaalu,Omadhoo,7907558,ahimaldives@gmail.com
Guest House,Avenly Omadhoo,Alifu Dhaalu,Omadhoo,7776496,hello@avenlymaldives.com
Guest House,Bird Beak Beach,Alifu Dhaalu,Omadhoo,7950013,birdbeakbeach@gmail.com
Guest House,Green Leaf Omadhoo,Alifu Dhaalu,Omadhoo,9759909,h.naaif.scott@gmail.com
Guest House,Hitha Maldives,Alifu Dhaalu,Omadhoo,9175075,hithamaldives@gmail.com
Guest House,Kashiveli Omadhoo,Alifu Dhaalu,Omadhoo,7933222,reservations@kashiveli.mv
Guest House,Kirulhiya Maldives,Alifu Dhaalu,Omadhoo,9621313,kirulhiyamaldives@gmail.com
Guest House,Kuri Beach View Inn,Alifu Dhaalu,Omadhoo,7416965,kuribeachvilla@gmail.com
Guest House,Kuri Inn,Alifu Dhaalu,Omadhoo,"7416965
7914119","info@kuriinn.net
kuriinngh@gmail.com"
Guest House,Nemo Inn,Alifu Dhaalu,Omadhoo,9187555,info@nemoinn.com
Guest House,Noomuraka Inn,Alifu Dhaalu,Omadhoo,7914628,noomurakainn@gmail.com
Guest House,Omadhoo Coral View Inn,Alifu Dhaalu,Omadhoo,7751175 / 7745155,info@coralviewinn.com
Guest House,Omadhoo Inn Grand,Alifu Dhaalu,Omadhoo,7779966,info@omadhooinn.com
Guest House,Rayva Inn,Alifu Dhaalu,Omadhoo,9944978,loince1234@gmail.com
Guest House,Sorenzo Maldives,Alifu Dhaalu,Omadhoo,7950013,birdbeakbeach@gmail.com
Guest House,Swims Maldives,Alifu Dhaalu,Omadhoo,9905771,swimsmaldives@gmail.com
Guest House,Turtle Maldives,Alifu Dhaalu,Omadhoo,"7887979
7904456
9999197",info@turtlemaldives.com
Home Stay,Luma Boutique Stay,Alifu Dhaalu,Omadhoo,9558888,ibrahimnabyh@gmail.com
Home Stay,Reethi Stay Omadhoo,Alifu Dhaalu,Omadhoo,9713237,reethistayomadhoo@gmail.com
Guest House,Aire Dharavandhoo,Baa,Dharavandhoo,7774813,asifriza@gmail.com
Guest House,Athirige,Baa,Dharavandhoo,7792206,"ahmedrasheed26@live.com
bisaprivatelimited@gmail.com"
Guest House,Bageecha Stay,Baa,Dharavandhoo,7771526,bageechaguest@gmail.com
Guest House,Biosphere Beach,Baa,Dharavandhoo,7904902,hamdan.kendo@gmail.com
Guest House,Biosphere Inn,Baa,Dharavandhoo,7792206,info@biosphereinn.com
Guest House,Blue World Dharavandhoo,Baa,Dharavandhoo,7778733,info@blueworlddharavandhoo.com
Guest House,Chak'z 1964 Beach,Baa,Dharavandhoo,9998391,liminospvt@gmail.com
Guest House,Dharavandhoo Fishing Club,Baa,Dharavandhoo,7991712,drvfishingclub@gmail.com
Guest House,Faima Fishing Lodge,Baa,Dharavandhoo,"7776838
7946494",faimainvestments@gmail.com
Guest House,Fen Villa,Baa,Dharavandhoo,9688999,shuhailahmed@gmail.com
Guest House,Hanifaru Transit Inn,Baa,Dharavandhoo,"9857344
7778238",info@hanifarutransitinn.com
Guest House,Island Ufaa Dharavandhoo,Baa,Dharavandhoo,9229966,info@islandufaa.com
Guest House,Kiha Beach,Baa,Dharavandhoo,"7796699
7761495",info@kihabeach.com
Guest House,L.V.I.S Blancura,Baa,Dharavandhoo,7793646,info@lvishotels.com
Guest House,L.V.I.S Pool Villa,Baa,Dharavandhoo,7793646,info@lvishotels.com
Guest House,L.V.I.S Village,Baa,Dharavandhoo,7793646,info@lvishotels.com
Guest House,Manta Sky Inn,Baa,Dharavandhoo,9884988,mantaskyinn@gmail.com
Guest House,Oceara Dharavandhoo,Baa,Dharavandhoo,9339772,oceara2025@gmail.com
Guest House,Reposo View,Baa,Dharavandhoo,7892951,info@bellmaldives.com
Guest House,Turtle Inn Dharavandhoo,Baa,Dharavandhoo,7772570,imthiyaz@turtleinn.mv
Home Stay,Anam Villa,Baa,Dharavandhoo,9556017,stay@anamvilla.co
Guest House,Fehi Velaa Stay,Baa,Dhonfanu,7891917,hu.ramyx@gmail.com
Guest House,Hudhu Velaa,Baa,Dhonfanu,9868282,novinox@gmail.com
Guest House,Ale Sara Guest (Baa),Baa,Eydhafushi,7416222,alesarabaa@gmail.com
Guest House,Atholhu Residence,Baa,Fehendhoo,7422422,hello@atholhuresidence.mv
Guest House,Coconut Drift Maldives,Baa,Fehendhoo,9565713,coconutdriftmaldives@gmail.com
Guest House,Isla Retreat,Baa,Fehendhoo,7755900,hello@islaretreat.com
Guest House,Scenic Grand,Baa,Fehendhoo,7776893,inthi18@gmail.com
Guest House,Sky Village,Baa,Fehendhoo,7905342,naeemu.mohamed@gmail.com
Guest House,Tropical Tree,Baa,Fehendhoo,7779293,lirar9293@gmail.com
Guest House,Villa Soulmate,Baa,Fehendhoo,9651880,"merkulova-tatiana@yandex.ru 
Info.mohamedsiyam@gmail.com"
Home Stay,Cove Fehendhoo,Baa,Fehendhoo,7778720,feedm@hotmail.com
Home Stay,Magic Paradise Garden,Baa,Fehendhoo,9745608,info.mpgfehendhoo@gmail.com
Hotel,Amilla Fushi,Baa,Finolhas,6606444,"reserve@amilla.com

Website: https://amilla.com/"
Guest House,Ahiva Village,Baa,Fulhadhoo,"9365914
7783316",info@ahivavillage.com
Guest House,Azoush Tourist Guesthouse,Baa,Fulhadhoo,7976862 / 7776862,azoushtours@gmail.com
Guest House,Faana Inn,Baa,Fulhadhoo,7696569,faanainn@gmail.com
Guest House,Island Luxury Dive,Baa,Fulhadhoo,7772458,ziyad@secretparadise.mv
Guest House,Island Luxury Fulhadhoo,Baa,Fulhadhoo,7772458,ziyad@islandluxury·mv
Guest House,Palms Retreat,Baa,Fulhadhoo,7540793,palmsretreat@gmail.com
Guest House,Three Heart Guest House,Baa,Fulhadhoo,7783316,threeheartsmaldives@yahoo.com
Guest House,Zen Inn Fulhadhoo,Baa,Fulhadhoo,9998296,sara@zeninnmaldives.com
Home Stay,Aaru Inn,Baa,Fulhadhoo,7563242,maumoon70@gmail.com
Home Stay,Ahiva Suites,Baa,Fulhadhoo,9365914,info@ahivavillage.com
Home Stay,Baltic,Baa,Fulhadhoo,7783501 / 7781508,ixnmaldives@gmail.com
Home Stay,Beach Inn Fulhadhoo,Baa,Fulhadhoo,7772595,beach.inn@outlook.com
Home Stay,Frangipani Fulhadhoo,Baa,Fulhadhoo,7787992,ahmedasif.7787992@gmail.com
Home Stay,Gaskara Inn,Baa,Fulhadhoo,7782267,mshainee@hotmail.com
Home Stay,Jazeera Beach,Baa,Fulhadhoo,7716394,saifullahrasheed57@gmail.com
Home Stay,Lemuria Fulhadhoo,Baa,Fulhadhoo,7775808,baafulhadhoo@gmail.com
Home Stay,Marvel Stay Fulhadhoo,Baa,Fulhadhoo,7631323,marvelstayfulhadhoo@gmail.com
Home Stay,Pearl Villa,Baa,Fulhadhoo,7592543,mojemalediwy@gmail.com
Home Stay,The Fulhadhoo Beach Cottage,Baa,Fulhadhoo,7744825,mohamed.m.adnan@hotmail.com
Home Stay,Three Hearts Villas,Baa,Fulhadhoo,7783316,threeheartsmaldives@yahoo.com
Home Stay,Villa Laguna Maldives,Baa,Fulhadhoo,7950795,faidha.saeed@gmail.com
Home Stay,Villa Mia,Baa,Fulhadhoo,7792653,ibrahim@medical-swiss.mv
Guest House,Athiri Residence Goidhoo,Baa,Goidhoo,9997535,athiriresidences@gmail.com
Guest House,Island Zephyr,Baa,Goidhoo,7795264,senjpvtltd@gmail.com
Guest House,The Corbin Guest House,Baa,Goidhoo,7655243,imanfaisal10@outlook.com
Home Stay,Ahiva Suites Goidhoo,Baa,Goidhoo,9365914,info@ahivavillage.com
Home Stay,Kinbi Private Villa,Baa,Goidhoo,7771651,majid1037@gmail.com
Guest House,Hithaa Inn & Spa,Baa,Hithaadhoo,9811400,ginamaamaldives@gmail.com
Guest House,Rindhali Stay,Baa,Hithaadhoo,9966772,hasybu@gmail.com
Guest House,Baa Sand Maldives,Baa,Kadarikilu,7777754,info@baasand.mv
Guest House,Nihaali Maldives,Baa,Kadarikilu,"7788035
7788039",nihaalimaldives@gmail.com
Guest House,Akomadoo,Baa,Kamadhoo,7791232,hrmanager@fantasy.com.mv
Guest House,Biosphere by Hawks,Baa,Kamadhoo,7779133,"info@thehawks.biz
hussainaman@thehawks.biz"
Guest House,Cher Maldives,Baa,Kamadhoo,7775153,info@chermaldives.com
Guest House,Go Kamadhoo,Baa,Kamadhoo,7915389,themeinvestmv@gmail.com
Guest House,Hanifaru Beach Inn,Baa,Kamadhoo,7783265,info@hanifarubeachinn.com
Guest House,Ithaa Inn Kamadhoo,Baa,Kamadhoo,9572244,ithaainn.kamadhoo@gmail.com
Guest House,Kamadhoo Inn,Baa,Kamadhoo,7989721,info@kamadhooinn.com
Guest House,La Plage Maldives,Baa,Kamadhoo,7598021,islandtrevally@gmail.com
Guest House,Nest by Hawks,Baa,Kamadhoo,9680806,info@mafhaa.com
Guest House,Seagrove Inn,Baa,Kamadhoo,7992048,peace0177@gmail.com
Guest House,Silver Bay Kamadhoo,Baa,Kamadhoo,7777456,shafeeq@theocean4.com
Guest House,Swarn By Hawks,Baa,Kamadhoo,7414324,"hussainaman@thehawks.biz
info@mafhaa.com"
Guest House,View Kamadhoo,Baa,Kamadhoo,7996612,havaasme@gmail.com
Guest House,Wings by Hawks,Baa,Kamadhoo,9680806,info@mafhaa.com
Home Stay,White Tulip Inn,Baa,Kamadhoo,7868114,amji.amee@gmail.com
Guest House,Dhoani Maldives Guesthouse,Baa,Kendhoo,9839977,contact@dhoanimaldives.com
Guest House,Fasdheythere Inn,Baa,Kendhoo,9532599,fasdheytheremaldives@gmail.com
Guest House,Kendhoo Holidays,Baa,Kendhoo,7974432,kendhooholidays@gmail.com
Guest House,The Blue Cave,Baa,Kendhoo,7224327,admin@alkahfmv.com
Guest House,Amaria Maldives,Baa,Kihaadhoo,9140788,amariamaldives@gmail.com
Guest House,Kihaa Holiday Home,Baa,Kihaadhoo,7795883,reservations@kihaaholidays.com
Guest House,Fiya Inn,Baa,Maalhos,9994365,fiyamaldives6@gmail.com
Guest House,Island Luxury Retreat,Baa,Maalhos,7772458,info@islandluxury.mv
Guest House,Madi Giri,Baa,Maalhos,7250046,madihotels@gmail.com
Guest House,Manta Reserve,Baa,Maalhos,7288881,stay@mantareserve.com
Guest House,Moonshell Residence,Baa,Maalhos,7994931,sales@opulencemaldives.com
Guest House,Thundi by Biosphere,Baa,Maalhos,7904902,reservation1@thundivillage.com
Guest House,Thundi Ocean View,Baa,Maalhos,7757232,oceanview@thundihotels.com
Guest House,Thundi Villa,Baa,Maalhos,7757232,villa@thundihotles.com
Guest House,Dhonveli Inn,Dhaalu,Bandidhoo,7970180,info@dhonveliinn.com
Guest House,Hide Inn Blue,Dhaalu,Hulhudheli,9187636,hideinn.mv@gmail.com
Guest House,Hulhudheli Inn,Dhaalu,Hulhudheli,9911774,info@hulhudheli.com
Guest House,Blue Wave Guest House,Dhaalu,Kudahuvadhoo,9999249,shamyym@gmail.com
Guest House,Dhaalu Inn Kudahuvadhoo,Dhaalu,Kudahuvadhoo,7650653,dhaaluinn@gmail.com
Guest House,Oceana Inn Maldives,Dhaalu,Kudahuvadhoo,7775998,oceanamaldives@gmail.com
Guest House,Green Inn,Dhaalu,Maaenboodhoo,7492422,irfnnn@gmail.com
Guest House,Kokaa Villaa Maaenboodhoo,Dhaalu,Maaenboodhoo,7774624,sinaan111@gmail.com
Guest House,Villa Delfino,Dhaalu,Ribidhoo,7783979,admin@travel360maldives.com
Guest House,Feeali Buddies Inn,Faafu,Feeali,9825191,feealibuddieshotel@gmail.com
Guest House,Palm Rest - Magoodhoo,Faafu,Magoodhoo,9992313 / 9559111,"ahmedshakir777@gmail.com
zmisag@gmail.com"
Guest House,Balma Beach Inn,Faafu,Nilandhoo,9774115,balmabeachinn@gmail.com
Guest House,Dhebanveli,Faafu,Nilandhoo,7774649,info@rhmaldives.com
Guest House,Orchid Inn Guest House,Faafu,Nilandhoo,7979290,jalyl.projects@gmail.com
Guest House,Remora by Magdalena,Faafu,Nilandhoo,9711066,info@magdalenatravels.com
Guest House,Remora Summer House,Faafu,Nilandhoo,9711066,info@magdalenatravels.com
Guest House,Bougain Villa Guest House,Gaafu Alifu,Gemanafushi,7881313,asimgem@gmail.com
Guest House,Coral Shine,Gaafu Alifu,Gemanafushi,9997735,m.mubyyn@gmail.com
Guest House,Equator Sandy Beach,Gaafu Alifu,Gemanafushi,9830631,equatorsandybeach@gmail.com
Guest House,Oceanic Inn,Gaafu Alifu,Kolamaafushi,7788401,sales.elegantstream@gmail.com
Guest House,Kondey Garden Villa,Gaafu Alifu,Kondey,7773529,ahmedjinahu@gmail.com
Guest House,Suncoral Maldives,Gaafu Alifu,Kondey,7972220,blackplanet3481@gmail.com
Hotel,Mercure Maldives Kooddoo,Gaafu Alifu,Kooddoo,6820003,emmanuel.marion@accor.com
Guest House,Fishing Maldives Residence,Gaafu Alifu,Maamendhoo,9555255,asadhullarasheed143@gmail.com
Guest House,Huvadhoo Lodge,Gaafu Alifu,Maamendhoo,9954903,concave.maldives@gmail.com
Guest House,Village Life,Gaafu Alifu,Maamendhoo,7779924,info@villagelifemaldives.com
Guest House,Village Life Residence,Gaafu Alifu,Maamendhoo,7779924,info@villagelifemaldives.com
Guest House,Thigo Dreams,Gaafu Alifu,Nilandhoo,7638623,thaaddey@gmail.com
Guest House,Ekefaru Inn,Gaafu Alifu,Villingili,7600945,ekefaruinn@gmail.com
Guest House,Fathikoyhe,Gaafu Alifu,Villingili,7514680,syedbe1151@gmail.com
Guest House,Vision Inn,Gaafu Alifu,Villingili,9991523,visioninnn@gmail.com
Home Stay,Blossom Inn,Gaafu Alifu,Villingili,9752424,share.ishaan@gmail.com
Home Stay,Vashi Inn,Gaafu Alifu,Villingili,9145243 / 9793206,info@vashi.mv
Guest House,Small Island Lodge,Gaafu Dhaalu,Faresmaathodaa,7933664,smallislandlodge@gmail.com
Guest House,Sunset Private Villa,Gaafu Dhaalu,Fiyoaree,9996817,kappi6817@gmail.com
Guest House,Surf House By Konalle,Gaafu Dhaalu,Gadhdhoo,7910215,info@konalle.com
Guest House,FSS Residence,Gaafu Dhaalu,Hoandehdhoo,9655380,fssmaldives@gmail.com
Guest House,Vaaruge Residence,Gaafu Dhaalu,Hoandehdhoo,9997411,vaavugeresidence@gmail.com
Guest House,Palm Tree Tourist Village,Gaafu Dhaalu,Rathafandhoo,7990714,palmtreerathafandhoo@gmail.com
Guest House,Alocasia Villa,Gaafu Dhaalu,Vaadhoo,7998903,ahseyrialocasia@gmail.com
Guest House,Avanti Vaadhoo,Gaafu Dhaalu,Vaadhoo,"9111190
9774131",sales@avantivaadhoo.com
Guest House,Laguna Retreat,Gaafu Dhaalu,Vaadhoo,9181227 / 9163634,"info@thelagunaretreat.com
funamabrothers@gmail.com"
Guest House,Aariyaa View,Gnaviyani,Fuvahmulah,7781629,ibrahimdidi1629@gmail.com
Guest House,AIG Grand,Gnaviyani,Fuvahmulah,7998195,fortuneclasspvtltd@gmail.com
Guest House,Apex Fuvahmulah,Gnaviyani,Fuvahmulah,7900966,inah@pelagicdiversfuvahmulah.com
Guest House,Ataraxis Grand and Spa,Gnaviyani,Fuvahmulah,7798390,meenizar@gmail.com
Guest House,Calyx Boutique and Spa,Gnaviyani,Fuvahmulah,7775078,farzad.calyx@gmail.com
Guest House,Endhaa Divers Home,Gnaviyani,Fuvahmulah,7783233,mujura74@hotmail.com
Guest House,Equator Retreat,Gnaviyani,Fuvahmulah,7796753,equatorretreat@gmail.com
Guest House,Fuvahmulah Central,Gnaviyani,Fuvahmulah,7970010,info@fuvahmulahcentralhotel.com
Guest House,Hedheykuri Residence,Gnaviyani,Fuvahmulah,7779208 / 7978495,aan12342001@gmail.com
Guest House,Hikers Villa,Gnaviyani,Fuvahmulah,7770611,"hikersvilla@gmail.com
atollhikers@gmail.com"
Guest House,Isle Inn,Gnaviyani,Fuvahmulah,9990392,issayoh@gmail.com
Guest House,Isle Royal Inn,Gnaviyani,Fuvahmulah,9511223,isleroyalmv@gmail.com
Guest House,Maa Thundi,Gnaviyani,Fuvahmulah,7783740,dhimohd@gmail.com
Guest House,Ocean Pearl FVM,Gnaviyani,Fuvahmulah,7557584,Marketing@oceanpearlfvm.com
Guest House,Ocean Shark Inn,Gnaviyani,Fuvahmulah,9711119,dhimohd@gmail.com
Guest House,Sameydhaan Inn Fuvahmulah,Gnaviyani,Fuvahmulah,7440702,"sameydhaan01gmail.com
hello@sameydhaaninn.com"
Guest House,Shark Lounge,Gnaviyani,Fuvahmulah,7787360,hello@sharkslounge.com.
Guest House,Silver County,Gnaviyani,Fuvahmulah,7665476,hello@silvercountymv.com
Guest House,Suffix Retreat,Gnaviyani,Fuvahmulah,7901719,suffixretreat@outlook.com
Guest House,The Sandscape,Gnaviyani,Fuvahmulah,7799363,info@sandscape.mv
Guest House,Tiger Shark Retreat,Gnaviyani,Fuvahmulah,9321001,kevin@i-xsports.com
Guest House,Wanderlust Fuvahmulah,Gnaviyani,Fuvahmulah,6865656,kurimaa@outlook.com
Guest House,Zero Degree Residence,Gnaviyani,Fuvahmulah,7610676 / 7657363,info@zerodegree-residence.com
Home Stay,Extreme Dive Inn Fuvahmulah,Gnaviyani,Fuvahmulah,7788130,extremediveinn@gmail.com
Home Stay,Holiday Home Fuvahmulah,Gnaviyani,Fuvahmulah,7775754,holidayhomefvm@gmail.com
Home Stay,Nasreenu Villa,Gnaviyani,Fuvahmulah,7269978,zurarath.wafir@gmail.com
Home Stay,Noya Inn,Gnaviyani,Fuvahmulah,7922500,shafeenaadam3@gmail.com
Home Stay,We 7 Stay,Gnaviyani,Fuvahmulah,7773894,a.azeezismail@gmail.com
Guest House,Dhidhdhooinn Beachview,Haa Alifu,Dhidhdhoo,9441491,dhidhdhooinn@gmail.com
Guest House,Udhares Inn,Haa Alifu,Dhidhdhoo,7656766,udaresinnmaldives@gmail.com
Guest House,Annama Lodge and Dive,Haa Alifu,Hoarafushi,7965140,annamalodge@gmail.com
Guest House,Araaik Beach Village,Haa Alifu,Hoarafushi,9996064,thowfeeq@gmail.com
Guest House,Manaam Residence,Haa Alifu,Hoarafushi,9999890,aminathali672@gmail.com
Guest House,Beach Home Kelaa,Haa Alifu,Kelaa,7992882,info@beachhomekelaa.com
Guest House,Holiday Home Kelaa,Haa Alifu,Kelaa,7917976,info@holidayhomekelaa.mv
Guest House,Kokaa Residence,Haa Alifu,Kelaa,9975956,kokaaresidences@gmail.com
Guest House,Shades of Blue,Haa Alifu,Kelaa,7783978,ziyamysterio@gmail.com
Guest House,Summer Home,Haa Alifu,Kelaa,7793338,info@summerhomekelaa.com
Guest House,Thooru Stay,Haa Alifu,Kelaa,7773470,info@thooru.com
Guest House,Uligan Marina Beach Maldives,Haa Alifu,Uligan,7772100,saleem@ctnt.com
Guest House,Utheemu Bahaaru Inn,Haa Alifu,Utheemu,7925060,asrar.adam@gmail.com
Guest House,Aquavilla by Aquaholic,Haa Alifu,Vashafaru,7788088,info@aquaholicmaldives.com
Guest House,Beach Inn Vashafaru,Haa Alifu,Vashafaru,7795071,scubagearmaldives@gmail.com
Guest House,Blue Coral Vashafaru Maldives,Haa Alifu,Vashafaru,7329091,bluecoralmaldives@gmail.com
Guest House,Casa Mia Inn Vashafaru,Haa Alifu,Vashafaru,9896214,casamiainn.vashafaru@gmail.com
Guest House,Oceano Beach Vashafaru,Haa Alifu,Vashafaru,9900915,info.oceanbeach@gmail.com
Guest House,Stay Vashafaru,Haa Alifu,Vashafaru,9800524,stayvashafaru.mv@gmail.com
Guest House,Vashafaru Inn,Haa Alifu,Vashafaru,7798002,stay@vashafaru.com
Guest House,Vashafaru Inn 2,Haa Alifu,Vashafaru,7798002,stay@vashafaru.com
Guest House,Turtle Nest,Haa Dhaalu,Finey,9795351,amjadabdul979@gmail.com
Guest House,Cerulean View,Haa Dhaalu,Hanimaadhoo,7691234,reservations@ceruleanviewresidence.com
Guest House,Himeyn Beach Inn Maldives,Haa Dhaalu,Hanimaadhoo,9700041,info@himeynbeach.com
Guest House,Tropical Lodge,Haa Dhaalu,Hanimaadhoo,7936133,tropical.lodge.gt@gmail.com
Guest House,Vilu Veli Holiday Retreat,Haa Dhaalu,Hanimaadhoo,7283033,info@viluveli.com
Hotel,The Barefoot Eco Hotel,Haa Dhaalu,Hanimaadhoo,6529000,"info@thebarefoot.com

Website: https://www.thebarefoot.com/"
Home Stay,Bahee Residence,Haa Dhaalu,Kulhudhuffushi,7771009,ooba1009@gmail.com
Home Stay,Beachside Homestay,Haa Dhaalu,Kulhudhuffushi,9882329,luveyzaa@gmail.com
Guest House,Vinca Bloom,Haa Dhaalu,Makunudhoo,7904977,ahmedrazy3702@gmail.com
Guest House,Araam Inn,Haa Dhaalu,Naivaadhoo,9728336,manchali75@gmail.com
Guest House,Ocean Voice Beach,Haa Dhaalu,Nolhivaranfaru,7771322,trips.maldives@icloud.com
Guest House,Boegas View,Haa Dhaalu,Vaikaradhoo,9445151,waddy1981@yahoo.co.uk
Guest House,Ameera Guest House,Kaafu,Dhiffushi,9648473,info@ameeramaldives.com
Guest House,Araamu Holidays and Spa,Kaafu,Dhiffushi,"6644554
7991606
7793437",info@araamuholidays.com
Guest House,Athiri Residence Dhiffushi,Kaafu,Dhiffushi,9123388,athiriresidences@gmail.com
Guest House,Club Kaafu,Kaafu,Dhiffushi,7779277,clubkaafu@gmail.com
Guest House,Comfy Cool Breeze by eMzaz,Kaafu,Dhiffushi,7941001,admin@emzaz.com
Guest House,Crown Beach Maldives,Kaafu,Dhiffushi,9123456,hello@crownbeachhotel.com
Guest House,Dhiffushi Inn,Kaafu,Dhiffushi,9133958,dhiffushi.inn@gmail.com
Guest House,Dhiffushi Inn Sea View,Kaafu,Dhiffushi,9985488,dhiffushi.inn@gmail.com
Guest House,Dhiffushi Island Villa,Kaafu,Dhiffushi,"7362179
9835557",dhiffushiislandvilla@gmail.com
Guest House,Dhiffushi Reef & Beach,Kaafu,Dhiffushi,7755965,mairmaldives@gmail.com
Guest House,Dhiffushi Tourist,Kaafu,Dhiffushi,7774749,dhiffushihotel@gmail.com
Guest House,Endorphins Beach Villa,Kaafu,Dhiffushi,9490215,endorphinshotelspvtltd@gmail.com
Guest House,Heron Beach Dhiffushi,Kaafu,Dhiffushi,9906624 / 7777277,sales@heronmaldives.com
Guest House,Isla Dhiffushi,Kaafu,Dhiffushi,7670100,isla.dhiffushi@gmail.com
Guest House,Noorani Retreat,Kaafu,Dhiffushi,7774365,maisoonfirag@gmail.com
Guest House,Ocean Villa,Kaafu,Dhiffushi,9123456,hello@oceanvilladhiffushi.com
Guest House,Portia and Spa,Kaafu,Dhiffushi,7996163,portiahotel@gmail.com
Guest House,Rashu Hiyaa,Kaafu,Dhiffushi,"3326787
7954904
9667505",info@rashuhiyaa.mv
Guest House,Seaside Beach Villa,Kaafu,Dhiffushi,7969197,habeeb@fasfinntravel.com
Guest House,Si Beach House,Kaafu,Dhiffushi,3016669,nabeel@edelweissventures.net
Guest House,Sky Beach Dhiffushi,Kaafu,Dhiffushi,6641001,info@skybeach.com
Guest House,Stone Beach Club,Kaafu,Dhiffushi,9993411,info@stonehotels.mv
Guest House,The Sunset Villa,Kaafu,Dhiffushi,7789197,habeeb@fasfinntravel.com
Guest House,Velaa Vani Dhiffushi,Kaafu,Dhiffushi,9562271,Velaavanidhiffushi@gmail.com
Guest House,Veli Vilaa,Kaafu,Dhiffushi,7781702,info@velivilaa.com
Guest House,VillaBlu Dhiffushi,Kaafu,Dhiffushi,7864707,hello@villablumaldives.com
Hotel,Stone Hotels Dhiffushi,Kaafu,Dhiffushi,3328888,"reservation@stonehotels.mv
paul.benedict@stonehotels.com"
Guest House,Futtaru Sands,Kaafu,Gaafaru,7834152,mohamedsanih15@gmail.com
Guest House,Gaafaru View Inn Maldives,Kaafu,Gaafaru,9417717,gaafaruviewinn05@gmail.com
Guest House,Mariana Inn,Kaafu,Gaafaru,9929926,marketing@marianasafari.com
Guest House,Niru Isle Maldives,Kaafu,Gaafaru,7999806,niruislemaldives@gmail.com
Guest House,Old Town Inn,Kaafu,Gaafaru,7775282 / 7786547,oldtowninn.gaafaru@gmail.com
Guest House,Pavona Maldives,Kaafu,Gaafaru,9171738,hello@pavonamaldives.com
Guest House,Pearl Stay,Kaafu,Gaafaru,7588232,firaz1992@gmail.com
Guest House,Stay Salty,Kaafu,Gaafaru,9169060,staysaltymaldives@gmail.com
Guest House,Sunrise Lagoon,Kaafu,Gaafaru,9589688,riyattey009@gamil.com
Guest House,The Palm Retreat,Kaafu,Gaafaru,9707335,thepalmretreat23@gmail.com
Guest House,TideViewInn,Kaafu,Gaafaru,7399969,Coconutcovepvtltd@gmail.com
Home Stay,Sunshine Stay @ Gaafaru,Kaafu,Gaafaru,9664080,burulu180@gmail.com
Guest House,Aimi Beach,Kaafu,Gulhi,7793992,aimibeachmv@gmail.com
Guest House,Aqua Gulhi,Kaafu,Gulhi,7779936,Aquadigitalmediamv@gmail.com
Guest House,Aqua Sunset,Kaafu,Gulhi,7776931,aquaholdingsmv@gmail.com
Guest House,Arrival Beach and Spa,Kaafu,Gulhi,7774965,accounts@vtravelsmaldives.com
Guest House,Arrival Seaview,Kaafu,Gulhi,7774965,accounts@vtravelsmaldives.com
Guest House,Avyanna Gulhi Beach,Kaafu,Gulhi,9988828,marketing@avyannamaldives.com
Guest House,Ayala Homely,Kaafu,Gulhi,9664412,sales@ayalamaldives.com
Guest House,Ayala Ocean View,Kaafu,Gulhi,9664412/6648001,sales@ayalamaldives.com
Guest House,Beach Stone,Kaafu,Gulhi,7955002,greatergomv@gmail.com
Guest House,Beach Walk Villa,Kaafu,Gulhi,9995111/7774664,"hamdhun@gmail.com
beachwalkmaldives@gmail.com"
Guest House,Coquillage Inn,Kaafu,Gulhi,7778913,"mrashafeeq@gmail.com
searidemv@gmail.com"
Guest House,Pearlshine Retreat Maldives,Kaafu,Gulhi,7373292,pearlshinemaldives@gmail.com
Guest House,Premier Beach,Kaafu,Gulhi,9799866 / 9867157,info@premierbeach.com.mv
Guest House,Sandy Heaven Maldives,Kaafu,Gulhi,7622582,booking@sandyheavenmaldives.com
Guest House,Tropic Tree,Kaafu,Gulhi,7776483,info@tropicxmaldives.com
Guest House,29.9,Kaafu,Guraidhoo,7941897,laughf@gmail.com
Guest House,Adroit Sunset View,Kaafu,Guraidhoo,7776257,adroitbeachinn@hotmail.com
Guest House,Athens View,Kaafu,Guraidhoo,"7566353
7786333",athensviewmaldives@outlook.com
Guest House,Beach Heaven Guraidhoo,Kaafu,Guraidhoo,7877784,ceo@silverlandinvestment.com
Guest House,Chambao Maldives,Kaafu,Guraidhoo,7372999,info@chambaomaldives.com
Guest House,Coco Cottage Local Style,Kaafu,Guraidhoo,7720940,cococottagemv@gmail.com
Guest House,Endheri Residence,Kaafu,Guraidhoo,7765214,endheri.residence@gmail.com
Guest House,h78 Guraidhoo,Kaafu,Guraidhoo,7681686,admin@hotel78maldives.com
Guest House,Hireath Island Home,Kaafu,Guraidhoo,9834373,hassanshuhau55@gmail.com
Guest House,Iris Beach Residence,Kaafu,Guraidhoo,7784519,info@irisbeachresidence.com
Guest House,Ithaa Beach,Kaafu,Guraidhoo,7772768,ithaabeachmaldives@gmail.com
Guest House,Ithaa Seaview,Kaafu,Guraidhoo,7772768,ithaabeachmaldives@gmail.com / hamdhaan888@gmail.com
Guest House,Kaafu Inn,Kaafu,Guraidhoo,9797991,kaafuinn@gmail.com
Guest House,Lumeire Sands,Kaafu,Guraidhoo,7906446,lumeireholidays@gmail.com
Guest House,Moodhumaa Inn,Kaafu,Guraidhoo,7941127,moodhumaainn@gmail.com
Guest House,Ninos,Kaafu,Guraidhoo,9591724,ninos.kguraidhoo@gmail.com
Guest House,Ocean Retreat and Spa,Kaafu,Guraidhoo,"7777137
7909137",sales@oceanretreatandspa.com
Guest House,Palm Lagoon,Kaafu,Guraidhoo,7933326,yoosufshareefhussain@gmail.com
Guest House,Rosy Villa,Kaafu,Guraidhoo,"7870001
7900999",rosyvillapvtltd@gmail.com
Guest House,Rustic Villa,Kaafu,Guraidhoo,7772177,shaax1977@gmail.com
Guest House,Valley Palm Seaview,Kaafu,Guraidhoo,7754042,valleypalmseaview@gmail.com
Home Stay,Mujavaz Studio Homes,Kaafu,Guraidhoo,7423700,dive@mujavazscuba.com
Guest House,Aloha Beach Inn,Kaafu,Himmafushi,9807713,axxam1990@gmail.com
Guest House,Bahaaru Villa Himmafushi,Kaafu,Himmafushi,9860550,msarimrasheed@gmail.com
Guest House,Beach Coral Stay,Kaafu,Himmafushi,9690074,md.dreamadventure@gmail.com
Guest House,Bito's G.H,Kaafu,Himmafushi,7979615,reservations.bitos@gmail.com
Guest House,Cocomo Maldives,Kaafu,Himmafushi,7757876,info@cocomomaldives.com
Guest House,Funplace Beach,Kaafu,Himmafushi,9890009,funplacemaldives@gmail.com
Guest House,Grande Maldives Inn,Kaafu,Himmafushi,7779615,rvadevelop@gmail.com
Guest House,Heyleez Inn,Kaafu,Himmafushi,7775357,siraaj5357@gmail.com
Guest House,Hulha'ngu Lodge,Kaafu,Himmafushi,7778453,hulhangulodge@gmail.com
Guest House,Keveli Guesthouse,Kaafu,Himmafushi,7416033,mnashid2012@gmail.com
Guest House,Maavaharu Guest House,Kaafu,Himmafushi,7793117,ahmedabdullajameel@gmail.com
Guest House,Mango Stay,Kaafu,Himmafushi,"7727929
7776604",igu@techiereeef.com
Guest House,Moodhu Guest House,Kaafu,Himmafushi,7925263,hello@moodhumaldives.com
Guest House,Natural Vibe House,Kaafu,Himmafushi,9805533,obbmshiraan@gmail.com
Guest House,Noah Beach House,Kaafu,Himmafushi,7750180,info@noahbeachhouse.com
Guest House,Oya Maldives,Kaafu,Himmafushi,9697543,zimam@kleventi.com
Guest House,Serenity Inn,Kaafu,Himmafushi,7674727,twosense.tt@gmail.com
Guest House,Village Waves,Kaafu,Himmafushi,7796696,villagewaves.himmafushi@gmail.com
Guest House,Vilu Himmafushi,Kaafu,Himmafushi,7772838,vilumaldives@gmail.com
Guest House,Wave by Fazims,Kaafu,Himmafushi,9470007,info@wavebyfazims.com
Guest House,Yuvi Blue,Kaafu,Himmafushi,7877784,addmoh@gmail.com
Home Stay,Avi Cabana,Kaafu,Himmafushi,4003050 / 7939601,sales@localturemaldives.com
Home Stay,Island Life Home Stay,Kaafu,Himmafushi,9756515,usraibrahim@gmail.com
Hotel,Hulhule Island Hotel,Kaafu,Hulhule,3330888,sales@hih.com.mv
Guest House,Courtyard,Kaafu,Huraa,7778277,info@ikadmaldives.com
Guest House,Golden Turtle,Kaafu,Huraa,9781010,mochimochimaldives@gmail.com
Guest House,Green Villa Guest House Maldives,Kaafu,Huraa,7709364,abdul9364@gmail.com
Guest House,Kanbulo House Maldives,Kaafu,Huraa,7841843,kanbulohotelsmv@gmail.com
Guest House,Lukinn,Kaafu,Huraa,7792896,"matheen2896@gmail.com
info.lukinn@gmail.com"
Guest House,Mangrove Inn Hura,Kaafu,Huraa,7781704,greengold.maldives@gmail.com
Guest House,Pearl Sands at Huraa,Kaafu,Huraa,7785131,ibbesaid2@gmail.com
Guest House,Sandy Stay,Kaafu,Huraa,9955595,mujuthabam@gmail.com
Guest House,Sea Breeze View,Kaafu,Huraa,7789197,habeeb@fasfinntravel.com
Guest House,Seaside Drift Maldives,Kaafu,Huraa,9113355,imuawiyath.adam@gmail.com
Guest House,Serenity Stay,Kaafu,Huraa,9922285,serenitystay2025@gmail.com
Guest House,Silver Oasis,Kaafu,Huraa,9936629,ali.sarumad@silveroasismaldives.com
Guest House,The Bilimbi,Kaafu,Huraa,"7721112
9997489",shafeu@icloud.com
Guest House,The R 1 Huraa,Kaafu,Huraa,7791752,megacorpt@gmail.com
Guest House,The Sunrise Huraa,Kaafu,Huraa,7777080,info.sunrisehuraa@gmail.com
Guest House,Treasure Island Lodge,Kaafu,Huraa,9666366,milhafathmath@gmail.com
Guest House,Valhali Guesthouse,Kaafu,Huraa,7903479,bookings@valhaliguesthouse.com
Guest House,Wish Guesthouse,Kaafu,Huraa,7839660,wishhotelhuraa@gmail.com
Guest House,Bahaari Lodge,Kaafu,Kaashidhoo,7794983,ashraf7041@gmail.com
Guest House,Fari Lodge,Kaafu,Kaashidhoo,9990592,farilodge@gmail.com
Guest House,Happy Feet Inn,Kaafu,Kaashidhoo,7209797,haa-fix@hotmail.com
Guest House,K Inn,Kaafu,Kaashidhoo,7922272 / 9999912,bestpricehardware@live.com
Guest House,Palm Rest,Kaafu,Kaashidhoo,7845212,unsuenaas@gmail.com
Guest House,Sun View Residence,Kaafu,Kaashidhoo,7725427,sunviewresidence2021@gmail.com
Guest House,Alaika Maafushi,Kaafu,Maafushi,7791133,alaila.pvt@gmail.com
Guest House,Arena Beach,Kaafu,Maafushi,7933231 / 7778599,samih@arenabeachmaldives.com
Guest House,Arena Fushi Seaview,Kaafu,Maafushi,7778599,samih@arenabeachmaldives.com
Guest House,Arena Grand Beach,Kaafu,Maafushi,"7933231
7778599",samih@arenabeachmaldives.com
Guest House,Arena Veli Seaview,Kaafu,Maafushi,7778599,samih@arenabeachmaldives.com
Guest House,Arora Inn,Kaafu,Maafushi,7999800,arorainn@gmail.com
Guest House,Arora View,Kaafu,Maafushi,7998940,arorainn@gmail.com
Guest House,Bliss Haven,Kaafu,Maafushi,9884417,blisshavenmaldives@gmail.com
Guest House,Crystal Sands,Kaafu,Maafushi,"3314350
7790660",stay@crystalsands.mv
Guest House,Fazaa View Inn,Kaafu,Maafushi,7776316,zakittey161@gmail.com
Guest House,Four Coral,Kaafu,Maafushi,9228886,reservations@fourcoral.com
Guest House,Green Vista,Kaafu,Maafushi,7428018,badheeumaldives@gmail.com
Guest House,Icom Blue Seaview,Kaafu,Maafushi,7771931,alirameez@icomtours.com
Guest House,iCom Marina Sea View,Kaafu,Maafushi,7771931,info@icomtours.com
Guest House,Island Ambience,Kaafu,Maafushi,7730842,cognitive.islands@gmail.com
Guest House,Kaani Beach,Kaafu,Maafushi,9889090,info@kaanihotels.com
Guest House,Kaani Grand Seaview,Kaafu,Maafushi,9889090,info@kaanihotels@.com
Guest House,Kaani Palm Beach,Kaafu,Maafushi,"7771187
7778493
7988553",info@kaanimaldives.com
Guest House,Kaani Village,Kaafu,Maafushi,9113626 / 3004838,info@kaanibeach.com
Guest House,Kue Maafushi,Kaafu,Maafushi,9131623,raidwaleed@gmail.com
Guest House,Kuredhi Beach Inn,Kaafu,Maafushi,9655500,kuredhibeachinn@gmail.com
Guest House,Lagoona Sunset,Kaafu,Maafushi,"9997657
9552090",haisham@gmail.com
Guest House,Lea Spa Maafushi,Kaafu,Maafushi,9911116,asim@maafushidive.com
Guest House,Leisure Boutique,Kaafu,Maafushi,7776146,admin@leisureboutiquehotel.com
Guest House,Merijaan Maldives,Kaafu,Maafushi,9799997,merijaanmaldives@gmail.com
Guest House,Nala Island Village,Kaafu,Maafushi,7977702,nalaislandvillage@gmail.com
Guest House,Ocean Vista,Kaafu,Maafushi,9897889,oceanvistamaldives@gmail.com; ganyiynag@gmail.com
Guest House,Palm Grove Beach,Kaafu,Maafushi,7626631,mvgladius@gmail.com
Guest House,Palmcasa,Kaafu,Maafushi,7332221,reservations@palmcasa.com
Guest House,Pelican Beach Maafushi,Kaafu,Maafushi,7699914,pelicanbeachmaldives@gmail.com
Guest House,Rehendhi Villa,Kaafu,Maafushi,7999798,rehendhihotels@gmail.com
Guest House,Rosemary Boutique,Kaafu,Maafushi,7394401,rosemarymaafushi@gmail.com
Guest House,Santorini Maafushi Maldives,Kaafu,Maafushi,7631128,ahumdhu@hotmail.com
Guest House,SeasunBeach Maafushi,Kaafu,Maafushi,9784613,seasunbeachmaldives@gmail.com
Guest House,Shadowpalm House Maldives,Kaafu,Maafushi,9822727 / 7199299,rizkhaan.mohamed@gmail.com
Guest House,Solunar Maldives,Kaafu,Maafushi,7781557,ashraf@mai-emi.com
Guest House,Stingray Beach Inn,Kaafu,Maafushi,7776806,info@stingraybeachinn.com
Guest House,Summer Villa Guest House,Kaafu,Maafushi,7773087,summervillamaldives@gmail.com
Guest House,Sunrise Beach,Kaafu,Maafushi,7360606,info@sunrisebeachmaldives.com
Guest House,Sunshine View,Kaafu,Maafushi,7917504,sunshineviewmaldives@gmail.com
Guest House,Triton Beach,Kaafu,Maafushi,7745448,info@tritonbeachhotel.com
Guest House,Triton Exotica,Kaafu,Maafushi,7701273,info@tritonmaldives.com
Guest House,Triton Prestige,Kaafu,Maafushi,7701273,info@tritonhotelsandtours.com
Guest House,Velana Beach,Kaafu,Maafushi,7777765,hello@visitvelana.com
Guest House,Velana Blu,Kaafu,Maafushi,7777765,hello@visitvelana.com
Guest House,Water Seven,Kaafu,Maafushi,7793893,watersevenmv@gmail.com
Guest House,Zinnia,Kaafu,Maafushi,7727227,omniamaldivespvtltd@gmail.com
Guest House,Acacia Beach,Kaafu,Male',7706696,admin@acacia.mv
Guest House,Aina Residency,Kaafu,Male',9322251,hello@ainaresidency.mv
Guest House,Amber Beach,Kaafu,Male',7789499,huvan.maldives@gmail.com
Guest House,Amber Seaside,Kaafu,Male',7784281,hello@hotelamberseaside.com
Guest House,Avoca Inn,Kaafu,Male',7773637,info@avocainn.mv
Guest House,Beach Albatross,Kaafu,Male',7764313,huley0@gmail.com
Guest House,Beach Arena Inn,Kaafu,Male',7771124,bai@echzed.com
Guest House,Beach Breeze and Spa,Kaafu,Male',7776360,iwmaldives@gmail.com
Guest House,Beach Grand & Spa Premium,Kaafu,Male',"3351777
7774411",info@beachgrand.mv
Guest House,Beach Palace,Kaafu,Male',3358898,reservations@beachpalacemaldives.com
Guest House,Beehive Premier,Kaafu,Male',4008004,info@teatreehotels.mv
Guest House,Blue Sky Beach,Kaafu,Male',7796655,jelly_maldives@live.com
Guest House,Captains Inn and Spa,Kaafu,Male',9178881,clubvacaymaldives@gmail.com
Guest House,Cinque Retreat,Kaafu,Male',9492512,mariyamshameema786@gmail.com
Guest House,Club Blu,Kaafu,Male',3350707,reservations@clubblu.mv
Guest House,Coconut Tree Hulhuvilla Beach,Kaafu,Male',"3350929
7772020",reservations@coconuttreemaldives.com
Guest House,Cocotier Inn,Kaafu,Male',9991232,cocotierinvestments@gmail.com
Guest House,Dhimyaath Stay,Kaafu,Male',"3328920
3322392
3324381",info@dhimyaath.mv
Guest House,Dream Sunset Beach and Spa,Kaafu,Male',3356668,"dreamsunsetmv@outlook.com
rifau8968@hotmail.com"
Guest House,Express Inn,Kaafu,Male',3354044,expressinmv@gmail.com
Guest House,Flora Inn,Kaafu,Male',3313412,info.floradevelopers@gmail.com; reservations@florainnmale.com
Guest House,H78,Kaafu,Male',3357878,info@hotel78maldives.com
Guest House,H78 Iru,Kaafu,Male',7459683,info@hotel78maldives.com
Guest House,H78 Veli,Kaafu,Male',3357878,info@hotel78maldives.com
Guest House,Hathaa Beach Maldives,Kaafu,Male',3352007/ 9981171,hathaabeach@gmail.com
Guest House,HS Miracle Grand,Kaafu,Male',3356009,sales@hsmiracles.com
Guest House,HS Miracle View,Kaafu,Male',3356058,sales@hsmirales.com
Guest House,Huvan Beach,Kaafu,Male',7784281,huvan.maldives@gmail.com
Guest House,LemonRock Comfort,Kaafu,Male',7771051,cyryxshareef@hotmail.com
Guest House,Lonuveli,Kaafu,Male',"3350097
7792701","info@lonuveli.com 
info@ifcmv.com"
Guest House,Marine Holiday,Kaafu,Male',7937277,dreamxmaldives@gmail.com
Guest House,Marukab Plaza,Kaafu,Male',3314531,sales@marukabplaza.com
Guest House,Moodhu Koe,Kaafu,Male',7777859,moodhukoe.mv@gmail.com
Guest House,Naaboli Inn,Kaafu,Male',9958831,hammanhassan88@gmail.com
Guest House,New Town Inn,Kaafu,Male',3358696,sales@newtowninn.com
Guest House,Niu Inn and Spa,Kaafu,Male',9407777,eurekamaldives@gmail.com
Guest House,Noo Moo,Kaafu,Male',3355548,reservations@itawtravels.com
Guest House,Noovila Grand,Kaafu,Male',7776637,khathim.hassan@gmail.com
Guest House,Ocean Grand,Kaafu,Male',3355077 / 3355088,operations@oceangrandmaldives.com
Guest House,Octave,Kaafu,Male',"3013030
7783652",reservations@hotel-octave-maldives.com
Guest House,Off Day Inn,Kaafu,Male',"3304838
7738484",info@offdaymaldives.com
Guest House,Orange Beach House,Kaafu,Male',9889083,ibrahialex36@gmail.com
Guest House,Palmscape,Kaafu,Male',3352053 / 9800086,nittte@gmail.com
Guest House,Paralian Hulhumale',Kaafu,Male',3359911,"manager@paralian.mv
reservations@paralian.mv"
Guest House,Pine Lodge Maldives,Kaafu,Male',7970065,office.pinemaldives@gmail.com
Guest House,Rara HM,Kaafu,Male',7777753,hulhumalerara@gmail.com
Guest House,Reagal Gardens,Kaafu,Male',7774086,mailto:saudulla4086@gmail.com
Guest House,Rij Hulhumale,Kaafu,Male',3357788,info@rijhotels.com
Guest House,Ripple Beach Inn,Kaafu,Male',"3352012
7902012",sales@ripplebeachinn.com
Guest House,Rise & Shine Lodge,Kaafu,Male',7774222,mirsaad@gmail.com
Guest House,Rivethi Beach Boutique,Kaafu,Male',3352610,reservations@rivethibeach.com
Guest House,Sala Boutique Residence,Kaafu,Male',3345959,info@salafamilymaldives.com
Guest House,Samann Blue,Kaafu,Male',7728026,admin@samann.com
Guest House,Samann Grand,Kaafu,Male',7728026,info@samanngrand.com
Guest House,Samann Host,Kaafu,Male',3356688,info@samannhost.com
Guest House,Seasalter Maldives Guest House,Kaafu,Male',"3350350
7244000",info@seasaltermaldives.com
Guest House,Season Holidays,Kaafu,Male',3356681,sh@luminousmaldives.com
Guest House,Six in Lodge,Kaafu,Male',9669041,aishath24277@gmail.com
Guest House,Skai Lodge,Kaafu,Male',7791207,manager@skailodge.com
Guest House,Star Shell,Kaafu,Male',7790102,fazal@mustore.mv
Guest House,Starry Beach Inn,Kaafu,Male',9199555,shifau00@gmail.com
Guest House,Summer Beach,Kaafu,Male',3335550/ 7959592,summerbeachmv@gmail.com
Guest House,Sunny Canopy,Kaafu,Male',7999317,info@sunnycanopy.com
Guest House,Sunny Suites Inn,Kaafu,Male',7779853,reservations@sunnysuitesinn.com
Guest House,Tenglong,Kaafu,Male',9269187,tenglonghotel01@gmail.com
Guest House,Terminal 27 Inn,Kaafu,Male',7516485,keystarmv@gmail.com
Guest House,The G Ten Holiday Inn,Kaafu,Male',"3350500
7713481
7777136",eumax.mail@gmail.com
Guest House,The Grand View,Kaafu,Male',3313338 / 3313339,info@thegrandhotel.com.mv
Guest House,The Park House,Kaafu,Male',"3305501
7774862",INFO@THEPARKHOUSE.COM.MV
Guest House,The R One,Kaafu,Male',7791752,megacorpt@gmail.com
Guest House,The Somerset Guesthouse,Kaafu,Male',3009090,info@thesomerset.com.mv; reservations@thesomerset.com.mv
Guest House,The White Harp Inn,Kaafu,Male',"3355674
7776678",accounts@vtravelsmaldives.com
Guest House,Three Inn,Kaafu,Male',3350303,Res@threeinn.com
Guest House,Tour Inn,Kaafu,Male',3004040,infor@touristinnmaldives.com
Guest House,Tourist Inn,Kaafu,Male',7860882,info@touristinnmaldives.com
Guest House,Tourist Inn Grand,Kaafu,Male',3319090,info@touristinnmaldives.com
Guest House,Turquoise Residence,Kaafu,Male',9862522,mailto:info@uihotels.com
Guest House,Umet Seaview,Kaafu,Male',3301005,"info@umetseaview.com
admin@umet.com.mv"
Guest House,Unima Grand,Kaafu,Male',4005005,"info@unimagrand.com
reservation@unimagrand.com"
Guest House,Vilu Central,Kaafu,Male',7772838,vilumaldives@gmail.com
Guest House,Vilu Rest,Kaafu,Male',3352838,sales@vilurest.com
Guest House,Vinorva,Kaafu,Male',"3399933
7788595",mv@vinorvamaldives.com
Guest House,Vista Beach Retreat,Kaafu,Male',3350955,manager@vistabeachretreat.com
Guest House,White Beach Holiday,Kaafu,Male',7774149,wbeachholiday@gmail.com
Guest House,White Tern Residence,Kaafu,Male',3357711,aslam@insideout.mv
Home Stay,Astria Homes,Kaafu,Male',7910686,shadhuu@gmail.com
Home Stay,Beach Stay by Wahuj Maldives,Kaafu,Male',9925925,beachstay.wahujmaldives@gmail.com
Home Stay,Biosphere Haus,Kaafu,Male',7904902,hamdan.kendo@gmail.com
Home Stay,Blue Crystal View,Kaafu,Male',7782294 / 7776884,shassan@antracholding.com
Home Stay,Bodu Ashi Maldives,Kaafu,Male',7776725,fathmathnasheeda@gmail.com
Home Stay,Dhonveli Stay,Kaafu,Male',9980815,info@luckycool.org
Home Stay,Lazzlla Apartments,Kaafu,Male',9905927 / 9910999,lazzllamaldives@gmail.com
Home Stay,Leviq Inn,Kaafu,Male',7239222,abaaaibrahim@gmail.com
Home Stay,Mundoo Stay,Kaafu,Male',7773097,mohamed.naiph@gmail.com
Home Stay,Nala Host,Kaafu,Male',7994322,aish191@gmail.com
Home Stay,Nashee Home Stay,Kaafu,Male',7772035,natuaboo@gmail.com
Home Stay,Oceanlux Maldives,Kaafu,Male',"9747454, 7706655",oceanluxmaldives@gmail.com
Home Stay,Ontrack Home Stay,Kaafu,Male',3323493,cruises@ontrack.com.mv
Home Stay,Pulsera Beach Residences,Kaafu,Male',"7848877
7962705",sales@circleshospitality.com
Home Stay,Reef House by Sibia Maldives,Kaafu,Male',7988991,sibiamaldives@gmail.com
Home Stay,Resting View,Kaafu,Male',7788612,soby1_hotty@hotmail.com
Home Stay,Riviera Cove,Kaafu,Male',7786988,abdullashihanyoosuf@gmail.com
Home Stay,RizqInn 2,Kaafu,Male',"9522896
7792031
7942896",booking@rizqinmaldives.com
Home Stay,Rooftop Inn,Kaafu,Male',7915555,inventiveconsultingmv@gmail.com
Home Stay,Seasera Home,Kaafu,Male',7901994 / 9544459,"hello@seaserahomes.com
emboss.mv@gmail.com"
Home Stay,Sunrise Stay,Kaafu,Male',9141404,hello@digitalcoral.mv
Home Stay,Tripto Inn,Kaafu,Male',7774390,zaainvestment2014@gmail.com
Home Stay,Urban Stays By Empress,Kaafu,Male',7772673 / 7789669,urbanstays.empress@gmail.com
Home Stay,Wait N Sea,Kaafu,Male',7301312,m_solution@maldives.com.mv
Home Stay,Wind Stay,Kaafu,Male',7771254,windstay.mv@gmail.com
Home Stay,Yanaya Stay,Kaafu,Male',7907475 / 7773983,yanaya0890@gmail.com
Hotel,Barcelo Nasandhura Male',Kaafu,Male',3313000,nasandhuramale.info@barcelo.com
Hotel,Champa Central Hotel,Kaafu,Male',3317766,reservations@champacentralhotel.com
Hotel,Hotel Flora,Kaafu,Male',7775041 / 7517552,"info.floradevelopers@gmail.com /
www.hotelfloramale.com"
Hotel,"Hotel Jen Male', Maldives",Kaafu,Male',3321378,saud.abdullah@shangri-la.com
Hotel,Maagiri Hotel,Kaafu,Male',"3318484
7944146
7710309",info@maagirihotel.com
Hotel,Manhattan Business Hotel,Kaafu,Male',3009777 / 3317770,"reservations@manhattanbusinesshotel.com
ibr.naeem@gmail.com"
Hotel,Mookai Hotel,Kaafu,Male',3338811,mookai@dhivehinet.net.mv
Guest House,Aasna Inn,Kaafu,Thulusdhoo,7938180,aasnainn-maldives@gmail.com
Guest House,Amazonite Guesthouse,Kaafu,Thulusdhoo,7945432,aminathusama1@gmail.com
Guest House,Batuta Maldives Surf View,Kaafu,Thulusdhoo,7999084,batutamaldivessurfview@gmail.com
Guest House,Blissview Maldives,Kaafu,Thulusdhoo,7776480,sales@blissviewmaldives.com
Guest House,Blue Haven Retreat,Kaafu,Thulusdhoo,7710123,bluehavenretreat7@gmail.com
Guest House,Canopus Retreat Thulusdhoo,Kaafu,Thulusdhoo,9878833,thulusdhoo@canopusretreats.com
Guest House,Coconut Surf,Kaafu,Thulusdhoo,7481149,hello@coconutsurfmaldives.com
Guest House,Coral Inn,Kaafu,Thulusdhoo,7657056,"coralinn.mv@gmail.com
hello@coralinn.mv"
Guest House,Dhoadhi Retreat,Kaafu,Thulusdhoo,7715322,dhoadhi.retreat@gmail.com
Guest House,Dream Inn @ Thulusdhoo,Kaafu,Thulusdhoo,7927971 / 7775044,hello@dreaminn.mv
Guest House,Eden Blue,Kaafu,Thulusdhoo,7779317,vacanzaexpressmaldives@gmail.com
Guest House,Empyrean Stay,Kaafu,Thulusdhoo,7943221/7830790,empyreanstay@gmail.com
Guest House,Iru Guest House,Kaafu,Thulusdhoo,9807987,irumaldives@outlook.com
Guest House,Kudhi Boli Beach House,Kaafu,Thulusdhoo,7976651,ayazu79@gmail.com
Guest House,Kuredhi View,Kaafu,Thulusdhoo,7778614,asalym304@gmail.com
Guest House,La Due Thulusdhoo,Kaafu,Thulusdhoo,9746423,craxy143@gmail.com
Guest House,Ocean Blue Lagoon,Kaafu,Thulusdhoo,9988828,contact@oceanspheremaldives.com
Guest House,Palm Gate,Kaafu,Thulusdhoo,7798641,nalabadhi@gmail.com
Guest House,Reef Edge,Kaafu,Thulusdhoo,7803678,info@plankton.com.mv
Guest House,Reinforce Residence,Kaafu,Thulusdhoo,7974477,reinforceresidence@gmail.com
Guest House,Samaik Thulusdhoo Inn,Kaafu,Thulusdhoo,7321554,hello@samaik.mv
Guest House,Samura Maldives,Kaafu,Thulusdhoo,9732922,samuramaldives@gmail.com
Guest House,Samura Panorama,Kaafu,Thulusdhoo,7602232,samurapanorama@gmail.com
Guest House,Season Paradise,Kaafu,Thulusdhoo,9555889,info@seasonparadise.mv
Guest House,Sun and Surf,Kaafu,Thulusdhoo,7955410,raalhu.im@gmail.com
Guest House,Surf Trip Maldives,Kaafu,Thulusdhoo,7778955,marketing@canopusmaldives.com
Guest House,Tropical Stay,Kaafu,Thulusdhoo,7987770,tropcal.stay@gmail.com
Guest House,Twin Palms Beach House,Kaafu,Thulusdhoo,9285602,info@twinpalmssurfhouse.com
Guest House,Twin Palms Surfhouse,Kaafu,Thulusdhoo,9700034,info@twinpalmssurfhouse.com
Guest House,Villa Kudi Maldives,Kaafu,Thulusdhoo,9565713,villakudi@gmail.com
Guest House,Wave Crest Residence,Kaafu,Thulusdhoo,7792522,nasih@uimaldives.com
Guest House,Wave Crest Retreat,Kaafu,Thulusdhoo,7792522,nasih@uimaldives.com
Guest House,Clouds Beach Retreat Laamu,Laamu,Gan,7997220,ismailamir3@gmail.com
Guest House,Long Beach Laamu,Laamu,Gan,7786859,longbeachlaamu@gmail.com
Guest House,Nazaki Residences,Laamu,Gan,"7958855
9660011",nazaki@nazaki.com; admin@nazaki.com
Guest House,Reveries Diving Village,Laamu,Gan,6808866,info@reveriesmaldives.com
Guest House,Sunsetvilla,Laamu,Gan,7668022,maagahainvestment@gmail.com
Home Stay,Calm Beach Inn,Laamu,Gan,7944347,calmbeachinn@gmail.com
Guest House,Holiday Villa,Laamu,Kalaidhoo,7788699,hipoint009@ gmail.com
Guest House,Aqua Inn,Lhaviyani,Naifaru,7789330,kanmathee@gmail.com
Guest House,One The Island,Lhaviyani,Naifaru,7789330,kanmathee@gmail.com
Guest House,SeasunBeach,Lhaviyani,Naifaru,9784613,seasunbeachmaldives@gmail.com
Guest House,Maduvvaree Waterfront Sands,Meemu,Maduvvari,9999389,natture@hotmail.com
Guest House,Kandoofa Village,Meemu,Mulah,9775529,kandoofa.village@gmail.com
Guest House,EQ Surf Retreat,Meemu,Muli,9182594,franck@eq-france.com
Guest House,Muli Wave,Meemu,Muli,9993836,sales@sunglobe.co
Guest House,White Water Inn,Meemu,Muli,7574888 / 9590888,whitewaterinnmv@gmail.com
Home Stay,Eco Wave Retreat,Meemu,Muli,7997278,ecowavemv@gmail.com
Home Stay,Hudhuveli Residence,Meemu,Muli,7440238,fathah1418@gmail.com
Guest House,Mirusmaa Inn,Meemu,Veyvah,7706990,samahathu@hotmail.com
Guest House,Veyvah Inn Maldives,Meemu,Veyvah,7595939,veyvahinn@gmail.com
Guest House,Paradisola Maldives,Noonu,Fodhdhoo,9117393,paradisolamaldives@gmail.com
Guest House,Priv Fodhdhoo,Noonu,Fodhdhoo,7505906,mail@eusoph.com
Guest House,Sabba Beach Suite,Noonu,Fodhdhoo,"7779610
7784645",info@sabbatravels.com
Guest House,Sabba Beach Villas and Spa,Noonu,Fodhdhoo,"7918910
7784645",info@sabbatravels.com
Guest House,Sabba Summer Suite,Noonu,Fodhdhoo,7918910,info@sabbatravels.com
Guest House,The Happiness Sun Suites,Noonu,Fodhdhoo,7787800,mfayaz@icmplmaldives.com
Guest House,Velaa Garden View,Noonu,Fodhdhoo,7868318 / 7926431,booking@velaagardenview.com
Guest House,Lhohi Inn,Noonu,Lhohi,7605072,lhohiinn@gmail.com
Guest House,Lhohi White Sand,Noonu,Lhohi,7999982,lhohiwhitesand@gmail.com
Guest House,Fini Palace,Noonu,Maafaru,9711755,risk.aluminium@gmail.com
Guest House,Bon Abri Maldives,Noonu,Magoodhoo,7599667,shaamil.saleem@gmail.com
Guest House,Islandlifemaldives Retreat & Spa,Noonu,Magoodhoo,7457972,admin@islandlifemaldives.info
Guest House,Mathige Retreat,Noonu,Magoodhoo,9792156,mathige.islandlife@gmail.com
Guest House,Seashine Guesthouse,Noonu,Manadhoo,7892045,seashine.manadhoo@gmail.com
Guest House,Sunny Day Inn Maldives,Noonu,Manadhoo,9996892,
Guest House,Ikhfa Guest House,Noonu,Velidhoo,7255787,ikhfamaldives@gmail.com
Guest House,Kazu Inn,Noonu,Velidhoo,7429444,kazuinn786@gmail.com
Guest House,Palm Villa,Noonu,Velidhoo,7789197,habeeb@fasfinntravel.com
Guest House,The Kaleyfaan Inn,Noonu,Velidhoo,7684030,kaleyfaaninn@gmail.com
Home Stay,Island Pearl Escape,Noonu,Velidhoo,7779397,imoosaf@gmail.com
Home Stay,Lonu View,Noonu,Velidhoo,9996317,lonuview@gmail.com
Guest House,Tropica Inn & Guest House,Raa,Alifushi,9495656 / 9965656,tropica.alifushi@gmail.com
Hotel,Ifuru Island Maldives,Raa,Ifuru,6582800 / 3332822,surprise@ifuruisland.com
Guest House,Inguraidhoo Beach Inn,Raa,Inguraidhoo,7994548,mary404504@gmail.com
Guest House,Waves Inn,Raa,Maakurathu,7786683,"stay@wavesinn.com;
wavesinnmaldives@gmail.com"
Guest House,Aquaraa,Raa,Maduvvari,7792556,info@aquaraa.com
Guest House,Yan Inn Guest House,Raa,Maduvvari,7793721,hamyd_h@hotmail.com
Home Stay,Vaadhoo View Inn,Raa,Vaadhoo,7743479,isseyvd@gmail.com
Guest House,Equatorial Inn,Seenu,Feydhoo,7979789,zareer7979789@gmail.com
Guest House,Muladdu Inn,Seenu,Feydhoo,7777288,bookings@muladdu.com
Home Stay,Fiyala HomeStay,Seenu,Feydhoo,7762926,Fiyalamaldives@gmail.com
Hotel,Equator Village,Seenu,Gan,6899000,"reservations@equatorvillage.com

Website: 	https://www.equatorvillage.com/"
Guest House,Abuharee Grand,Seenu,Hithadhoo,9393666,afza@abuharee.com
Guest House,Clove Beach,Seenu,Hithadhoo,7899445,info@clovebeach.com
Guest House,Lagoon Lodge,Seenu,Hithadhoo,7675585,lagoonlodges2@gmail.com
Guest House,Rekidhiye Inn,Seenu,Hithadhoo,7773098,bushree@hotmail.com
Guest House,Roava Beach Escape,Seenu,Hithadhoo,7472019,stays@roavabeachescape.com
Home Stay,Kilavethi Retreat,Seenu,Hithadhoo,9732091,reservations@maafendhoo-mv.com
Home Stay,The Rose Garden House,Seenu,Hithadhoo,7815533,therosegardenhouse@gmail.com
Guest House,One On Inn,Seenu,Maradhoo,7774342,1on.inhotel@gmail.com
Guest House,Raivara Maldives,Seenu,Maradhoo,9199719,salason@gmail.com
Guest House,True South,Seenu,Maradhoo,7415750,regeneration.mv@gmail.com
Guest House,Asseyri Guest House,Seenu,Maradhoo Feydhoo,9921216,reservations@asseyriguesthouse.com
Guest House,Lodger Guest House,Seenu,Maradhoo Feydhoo,"6891779
7616905","maazsharafulla@gmail.com
anmaaz8898@gmail.com"
Home Stay,Transit Tower,Seenu,Maradhoo Feydhoo,7941314,adhamshamoon@gmail.com
Guest House,Charming Holiday Lodge,Seenu,Meedhoo,"6895018 
7943884",reservations@charmingholidaylodge.com
Guest House,Coral Crown,Seenu,Meedhoo,7776968,coralcrownmaldives@gmail.com
Guest House,Manta Beach Retreat,Seenu,Meedhoo,7916005,info@mantabeachretreat.com
Guest House,Pinewood Hideaway,Seenu,Meedhoo,9166699,mohamedalihussain@hotmail.com
Home Stay,Coral Stone Haven,Shaviyani,Bilehfahi,7641164,coralstonehaven@gmail.com
Guest House,Hello Ocean View,Shaviyani,Funadhoo,7948425,hello.ocean.view@gmail.com
Guest House,Stay Sh. Goidhoo,Shaviyani,Goidhoo,9833886,stayshgoidhoo@gmail.com
Guest House,Turtle Retreat,Shaviyani,Goidhoo,7905588,turtleretreat.mv@gmail.com
Home Stay,3 in 1 Oasis,Shaviyani,Goidhoo,7772553,kuday2000@gmail.com
Guest House,Beachwalk Kanditheemu,Shaviyani,Kanditheemu,7956090,mauroofahmed@gmail.com
Guest House,Kethi Stay,Shaviyani,Lhaimagu,9990457,uhahs@icloud.com
Guest House,Gaskara Guesthouse,Shaviyani,Maroshi,9715855,ahmedwah.gaskara@gmail.com
Guest House,2020 Sandhaa,Shaviyani,Milandhoo,7914888,2020sandha@gmail.com
Guest House,Handhuvaru Maldives Sh.Milandhoo,Shaviyani,Milandhoo,799-9356,mohamedsimal7@gmail.com
Guest House,On The Beach Maldives,Thaa,Buruni,9791777,alyf.19@gmail.com
Guest House,Villa Buruni Maldives,Thaa,Buruni,7211043,info@villaburuni.com
Guest House,Villa Buruni Maldives Beach,Thaa,Buruni,7211043,hassanhabeebvs@gmail.com
Guest House,Bambukeyo Villa,Thaa,Gaadhiffushi,7976646,rageeb1304@gmail.com
Home Stay,Vaadhee Homestay,Thaa,Guraidhoo,7751594 / 7656662,hellotradepass@outlook.com
Guest House,Rihiveli Inn,Thaa,Kinbidhoo,7500675,rihiveliinn@gmail.com
Guest House,Dhoadhi Beach Maldives,Thaa,Omadhoo,9835888,dhoadhibeachinn@gmail.com
Guest House,Sky Inn Omadhoo,Thaa,Omadhoo,9730271,"info.skyinnomadhoo@gmail.com
reservations@skyinnomadhoo.com"
Guest House,Breeze Haven Surf Retreat,Thaa,Thimarafushi,9995707,wave.centralmaldives.pvtltd@gmail.com
Guest House,Finimas Residence,Thaa,Thimarafushi,"9111878
9980117",finimasresidence@gmail.com
Guest House,Stay Mikado,Thaa,Thimarafushi,9100413,stay@stayislands.mv
Guest House,Surf Haven Farms & Chambers,Thaa,Thimarafushi,7431411,sajubinan@gmail.com
Guest House,Mikado Break Inn,Thaa,Veymandoo,9121662,faxaexpress@gmail.com
Home Stay,Kayak Inn Vilufushi,Thaa,Vilufushi,9995657 /9394666,info@kayakinnvilufushi.com
Guest House,Finolhu Beach Guest House,Vaavu,Felidhoo,"7765689
9921252","info@finolhubeach@gmail.com
sales.islandholidaysafari@gmail.com"
Guest House,Kawaii Stay,Vaavu,Felidhoo,7776638,rameelym@gmail.com
Guest House,Oshi Boutique,Vaavu,Felidhoo,7776313,a.husham6313@gmail.com
Guest House,Tourist Inn Baani,Vaavu,Felidhoo,"7787586
7982897",baanimaldives@gmail.com
Guest House,Vaali Beach Lodge,Vaavu,Felidhoo,7908421,info@lvmhotels.com
Guest House,Aagali Beach,Vaavu,Fulidhoo,9101188,aagalibeach@gmail.com
Guest House,Alkina Lodge,Vaavu,Fulidhoo,"7647724 
9797958",silveen3150@gmail.com
Guest House,Atoll Retreat,Vaavu,Fulidhoo,7988958,info@atollretreat.mv
Guest House,Bougainvillea Inn,Vaavu,Fulidhoo,9996674,stay.bougainvilleainn@gmail.com
Guest House,Cowry Inn,Vaavu,Fulidhoo,9716444,cowryinn@gmail.com
Guest House,Eveylaa Guesthouse,Vaavu,Fulidhoo,7935444,eveyla01001@gmail.com
Guest House,Fulidhoo Ihaa Lodge,Vaavu,Fulidhoo,7940999,mfaiz789@gmail.com
Guest House,Fulidhoo La Perla Guest House,Vaavu,Fulidhoo,7955677,fulidhoolaperla@outlook.com
Guest House,Fulidhoo White Inn,Vaavu,Fulidhoo,7779527,fulidhoomuhaimin@gmail.com
Guest House,Galaxy Sunrise,Vaavu,Fulidhoo,9150518,bushreemabuni74@gmail.com
Guest House,Hathaa Retreat,Vaavu,Fulidhoo,7508867,zenithmoomin1@gmail.com
Guest House,Huvan Inn,Vaavu,Fulidhoo,9777751,ameego463@gmail.com
Guest House,Island Break,Vaavu,Fulidhoo,9969988,islandbreakmaldives@gmail.com
Guest House,Kinan Boutique,Vaavu,Fulidhoo,7797968,ramxi21@gmail.com
Guest House,Kinan Retreat,Vaavu,Fulidhoo,7797968,ramxi21@gmail.com
Guest House,Kunaa Beach Inn,Vaavu,Fulidhoo,7800090 / 7660241,kunaabeachinn70@gmail.com
Guest House,Like Home,Vaavu,Fulidhoo,7583888,zoebakker68@gmail.com
Guest House,"Luau Beach Inn, Maldives",Vaavu,Fulidhoo,7786641,info@luaubeachinnmaldives.com
Guest House,Madi Grand Guest House,Vaavu,Fulidhoo,7973131,madigrandmaldives@gmail.com
Guest House,Malas Island View,Vaavu,Fulidhoo,7996725,malasislandview1@gmail.com
Guest House,Royal Villa,Vaavu,Fulidhoo,7779944,info@royalvilla.mv
Guest House,Rushkokaa Beach Villa,Vaavu,Fulidhoo,9733336 / 7770211,hello@rushkokaa.com
Guest House,Seena Inn,Vaavu,Fulidhoo,7497593,info@seenainn.com
Guest House,The Pearl Seaview,Vaavu,Fulidhoo,7955677,ibfaaiz@gmail.com
Guest House,Thundi Sea View,Vaavu,Fulidhoo,7902139,sales@thundihotels.com
Guest House,Alba Lodge,Vaavu,Keyodhoo,9988828,rushdan@wishamlaw.com
Guest House,Blu Lodge,Vaavu,Keyodhoo,9358335,a20.guesthouse@gmail.com
Guest House,Boaveli Maldives Guest House,Vaavu,Keyodhoo,7895903,info@boavelimaldives.com
Guest House,Five Ens Lodge,Vaavu,Keyodhoo,7943731,nizar.keyodhoo@gmail.com
Guest House,Hevana,Vaavu,Keyodhoo,7722212,moosa.asim23@gmail.com
Guest House,Hevana Retreat,Vaavu,Keyodhoo,9681819,azzurrodibazooka@gmail.com
Guest House,Island Holiday Lodge,Vaavu,Keyodhoo,7504114,islandholidaylodge@gmail.com
Guest House,Jupiter Sunrise Lodge,Vaavu,Keyodhoo,7973856,info@jupiter-sunrise-lodge.com
Guest House,Koamas View,Vaavu,Keyodhoo,"9681817
9821894",azzurroali666@gmail.com
Guest House,Leaf Fish Guesthouse Maldives,Vaavu,Keyodhoo,9958884,info@leaffish-maldives.com
Guest House,Mantha View,Vaavu,Keyodhoo,9631506,booking@manthaview.com
Guest House,The Chill Inn,Vaavu,Keyodhoo,9899900,silverarrowmaldives@gmail.com
Guest House,Three Star Lodge,Vaavu,Keyodhoo,9555123,info.3starlodge@gmail.com
Guest House,Vaagali Inn,Vaavu,Keyodhoo,7957965,shaif.hassan@vaagaliinn.com
Guest House,Venus Villa,Vaavu,Keyodhoo,7802005,mohamedmaiz97@gmail.com
Guest House,White Maakanaa Lodge,Vaavu,Keyodhoo,7951965,adamibrahimzz@hotmail.com
Guest House,Wow Inn Keyodhoo,Vaavu,Keyodhoo,"94,437,317,943,731",Info@wowhotelkeyodhoo.com
Home Stay,Lotus Stay,Vaavu,Keyodhoo,7910194,jinahucen@gmail.com
Home Stay,Rose Stay,Vaavu,Keyodhoo,7732194,aalalirasheed@gmail.com
Guest House,Rattehi Inn at Rakeedhoo,Vaavu,Rakeedhoo,7900002,rattaa@gmail.com
Guest House,Akiri Grand,Vaavu,Thinadhoo,7944499,akirigrand@gmail.com
Guest House,Maldives Sunset Lodge and Village Guesthouse,Vaavu,Thinadhoo,7893093,info@maldivesunset.com
Guest House,Plumeria Sea View,Vaavu,Thinadhoo,"6706001 
9110880",info@plumeriamaldives.com
Guest House,Reethi Villa,Vaavu,Thinadhoo,9111712,reethivilla.maldives@gmail.com
Guest House,Stay Kora,Vaavu,Thinadhoo,7420900,maniu.md@hotmail.com
Guest House,Thari Fushi,Vaavu,Thinadhoo,7681271,info@tharifushi.com
Home Stay,Oyster Residence,Vaavu,Thinadhoo,7930303,m_shafaan@hotmail.com
Hotel,Ecoboo Maldives,Vaavu,Thinadhoo,"6706555
7842052",sithhath@gmail.com
